date,open,high,low,close,volume
2023-08-29,26120.00,28142.85,25922.00,27716.34,74252.0
2023-08-30,27716.34,27768.57,27017.24,27299.99,35448.3
2023-08-31,27299.99,27587.51,25655.01,25940.78,51032.8
2023-09-01,25940.77,26156.00,25333.75,25805.05,41032.2
2023-09-02,25805.04,25987.50,25752.47,25869.51,16250.8
2023-09-03,25869.52,26135.00,25800.00,25971.21,17474.5
2023-09-04,25971.21,26108.02,25631.21,25826.02,21777.6
2023-09-05,25826.03,25915.49,25562.62,25792.10,21323.4
2023-09-06,25792.11,26040.00,25372.51,25759.95,27262.5
2023-09-07,25759.95,26443.14,25615.38,26255.00,27687.5
2023-09-08,26255.00,26445.50,25647.26,25910.50,28999.8
2023-09-09,25910.50,25945.09,25796.64,25901.61,10980.6
2023-09-10,25901.60,26033.66,25570.57,25841.61,18738.3
2023-09-11,25841.60,25900.69,24901.00,25162.52,41682.3
2023-09-12,25162.53,26567.00,25131.48,25840.10,56434.4
2023-09-13,25840.10,26405.22,25764.17,26222.00,31610.8
2023-09-14,26222.00,26860.49,26126.77,26522.73,38333.2
2023-09-15,26522.73,26888.00,26224.00,26600.00,26227.3
2023-09-16,26599.99,26777.00,26445.00,26559.67,13960.9
2023-09-17,26559.67,26623.25,26399.00,26527.51,12998.1
2023-09-18,26527.50,27409.00,26377.35,26762.51,43000.4
2023-09-19,26762.50,27483.57,26667.79,27210.26,36190.5
2023-09-20,27210.25,27388.63,26800.00,27125.00,34207.2
2023-09-21,27125.01,27159.60,26377.70,26568.08,34476.8
2023-09-22,26568.08,26743.38,26468.77,26580.14,18198.2
2023-09-23,26580.14,26632.81,26509.00,26575.96,9440.7
2023-09-24,26575.97,26738.54,26122.08,26248.38,15706.7
2023-09-25,26248.39,26446.15,25990.46,26304.81,26266.2
2023-09-26,26304.80,26397.46,26088.34,26221.67,18495.4
2023-09-27,26221.68,26850.00,26112.06,26372.99,34771.6
2023-09-28,26373.00,27308.48,26342.40,27021.39,44517.8
2023-09-29,27021.39,27244.89,26665.16,26906.96,28478.8
2023-09-30,26906.96,27094.99,26886.31,26962.56,12804.6
2023-10-01,26962.57,28065.51,26954.09,27992.57,24602.8
2023-10-02,27992.58,28580.00,27281.44,27494.51,57071.1
2023-10-03,27494.51,27676.52,27160.50,27426.46,28929.0
2023-10-04,27426.45,27839.72,27202.00,27778.57,29816.1
2023-10-05,27778.57,28120.39,27352.00,27410.39,30681.5
2023-10-06,27410.39,28295.00,27175.94,27931.09,37983.2
2023-10-07,27931.10,28029.67,27842.08,27956.67,13348.8
2023-10-08,27956.67,28095.14,27687.50,27917.05,19693.6
2023-10-09,27917.06,27987.93,27260.00,27590.12,31534.7
2023-10-10,27590.12,27735.00,27298.00,27390.12,22776.8
2023-10-11,27390.12,27477.39,26538.66,26875.52,37349.4
2023-10-12,26875.52,26947.04,26555.00,26759.63,23428.6
2023-10-13,26759.63,27130.00,26685.00,26862.00,24115.8
2023-10-14,26862.00,26989.58,26789.00,26852.48,10417.3
2023-10-15,26852.48,27293.33,26808.25,27154.15,15274.7
2023-10-16,27154.14,30000.00,27112.66,28500.78,78399.2
2023-10-17,28500.77,28613.65,28069.32,28395.91,38428.4
2023-10-18,28395.91,28982.36,28142.87,28320.00,32162.5
2023-10-19,28320.00,28916.89,28100.66,28713.71,35895.5
2023-10-20,28713.71,30207.55,28578.29,29669.04,59422.1
2023-10-21,29669.05,30379.99,29464.77,29909.80,27517.5
2023-10-22,29909.80,30248.00,29640.00,29992.46,22852.5
2023-10-23,29992.46,34741.91,29883.60,33069.99,93513.6
2023-10-24,33069.99,35280.00,32832.34,33922.73,115265.0
2023-10-25,33922.73,35132.85,33679.05,34496.05,54887.0
2023-10-26,34496.05,34824.13,33751.00,34151.66,39744.7
2023-10-27,34151.66,34245.00,33390.95,33892.02,32330.4
2023-10-28,33892.01,34493.33,33860.00,34081.00,16880.1
2023-10-29,34081.01,34750.11,33930.00,34525.89,20685.5
2023-10-30,34525.88,34856.00,34062.84,34474.73,33658.0
2023-10-31,34474.74,34720.49,34025.00,34639.77,32737.9
2023-11-01,34639.78,35582.00,34097.39,35421.43,53473.3
2023-11-02,35421.43,35984.99,34300.00,34941.59,48015.6
2023-11-03,34941.58,34946.50,34120.00,34716.78,39071.2
2023-11-04,34716.78,35255.00,34585.18,35062.07,18377.6
2023-11-05,35062.06,35380.00,34448.00,35011.88,24528.7
2023-11-06,35011.89,35276.33,34725.90,35046.09,22346.5
2023-11-07,35046.09,35888.00,34523.06,35399.12,38688.7
2023-11-08,35399.13,36106.00,35100.00,35624.72,33401.3
2023-11-09,35624.72,37972.24,35534.05,36701.09,82537.9
2023-11-10,36701.10,37526.00,36324.71,37301.63,43414.0
2023-11-11,37301.63,37408.26,36666.93,37130.00,22985.0
2023-11-12,37129.99,37222.22,36731.10,37064.13,17687.2
2023-11-13,37064.13,37417.99,36333.00,36462.93,32798.2
2023-11-14,36462.93,36744.00,34800.00,35551.19,45503.7
2023-11-15,35551.20,37980.00,35360.00,37858.20,53569.1
2023-11-16,37858.20,37929.54,35500.00,36163.51,47490.4
2023-11-17,36163.51,36800.00,35861.10,36613.92,38283.6
2023-11-18,36613.91,36845.49,36178.58,36568.10,17102.2
2023-11-19,36568.11,37500.00,36384.02,37359.86,21246.3
2023-11-20,37359.85,37750.00,36677.00,37448.78,36022.7
2023-11-21,37448.79,37649.44,35735.00,35741.65,47646.5
2023-11-22,35741.65,37861.10,35632.01,37408.34,45051.3
2023-11-23,37408.35,37653.44,36870.00,37294.28,23827.9
2023-11-24,37294.27,38414.00,37251.51,37713.57,44680.8
2023-11-25,37713.57,37888.00,37591.10,37780.67,11396.1
2023-11-26,37780.67,37814.63,37150.00,37447.43,21264.5
2023-11-27,37447.42,37569.23,36707.00,37242.70,30001.1
2023-11-28,37242.70,38377.00,36868.41,37818.87,37544.5
2023-11-29,37818.88,38450.00,37570.00,37854.64,32994.2
2023-11-30,37854.65,38145.85,37500.00,37723.96,24740.3
2023-12-01,37723.97,38999.00,37615.86,38682.52,43415.7
2023-12-02,38682.51,39717.14,38641.61,39450.35,26696.9
2023-12-03,39450.35,40250.00,39274.86,39972.26,26710.7
2023-12-04,39972.26,42420.00,39972.26,41991.10,79272.3
2023-12-05,41991.10,44488.00,41414.00,44073.32,67490.7
2023-12-06,44073.82,44297.21,43335.28,43762.69,51431.1
2023-12-07,43762.69,44047.33,42821.10,43273.14,47103.3
2023-12-08,43273.15,44700.00,43081.10,44170.99,42900.4
2023-12-09,44171.00,44358.02,43584.51,43713.60,24926.0
2023-12-10,43713.59,44049.00,43563.00,43789.51,18956.6
2023-12-11,43789.50,43804.50,40222.00,41253.40,76663.9
2023-12-12,41253.41,42104.12,40680.00,41492.39,42722.7
2023-12-13,41492.38,43475.20,40555.00,42869.03,45866.0
2023-12-14,42869.03,43420.00,41400.00,43022.26,42047.1
2023-12-15,43022.26,43080.81,41666.00,41940.30,33421.8
2023-12-16,41940.29,42724.43,41605.00,42278.03,24118.9
2023-12-17,42278.02,42424.07,41252.00,41374.65,27722.1
2023-12-18,41374.64,42757.81,40542.93,42657.80,46734.1
2023-12-19,42657.80,43497.00,41811.10,42275.99,40927.9
2023-12-20,42275.99,44283.00,42206.00,43668.93,48710.3
2023-12-21,43668.92,44242.35,43286.72,43861.80,34624.3
2023-12-22,43861.79,44398.26,43412.54,43969.04,32783.2
2023-12-23,43969.04,43988.68,43291.10,43702.16,16557.1
2023-12-24,43702.15,43946.00,42500.00,42991.50,25144.3
2023-12-25,42991.50,43802.32,42720.43,43576.13,27021.2
2023-12-26,43576.12,43592.68,41637.60,42508.93,41010.0
2023-12-27,42508.93,43677.00,42098.69,43428.85,36191.2
2023-12-28,43428.86,43787.57,42241.79,42563.76,35150.5
2023-12-29,42563.76,43111.00,41300.00,42066.95,42597.2
2023-12-30,42066.94,42612.32,41520.30,42140.28,22906.6
2023-12-31,42140.29,42899.00,41965.84,42283.58,23585.9
2024-01-01,42283.58,44184.10,42180.77,44179.55,27174.3
2024-01-02,44179.55,45879.63,44148.34,44946.91,65146.4
2024-01-03,44946.91,45500.00,40750.00,42845.23,81194.6
2024-01-04,42845.23,44729.58,42613.77,44151.10,48038.1
2024-01-05,44151.10,44357.46,42450.00,44145.11,48075.3
2024-01-06,44145.12,44214.42,43397.05,43968.32,17835.1
2024-01-07,43968.32,44480.59,43572.09,43929.02,23023.9
2024-01-08,43929.01,47248.99,43175.00,46951.04,72814.6
2024-01-09,46951.04,47972.00,44748.67,46110.00,69927.7
2024-01-10,46110.00,47695.93,44300.36,46653.99,89911.4
2024-01-11,46654.00,48969.48,45606.06,46339.16,87470.3
2024-01-12,46339.16,46515.53,41500.00,42782.73,86327.9
2024-01-13,42782.74,43257.00,42436.12,42847.99,36118.5
2024-01-14,42847.99,43079.00,41720.00,41732.35,28228.4
2024-01-15,41732.35,43400.43,41718.05,42511.10,40269.9
2024-01-16,42511.10,43578.01,42050.00,43137.95,45045.7
2024-01-17,43137.94,43198.00,42200.69,42776.10,33266.2
2024-01-18,42776.09,42930.00,40683.28,41327.50,43907.5
2024-01-19,41327.51,42196.86,40280.00,41659.03,48342.7
2024-01-20,41659.03,41872.56,41456.30,41696.04,15924.0
2024-01-21,41696.05,41881.39,41500.98,41580.33,11730.2
2024-01-22,41580.32,41689.65,39431.58,39568.02,55426.2
2024-01-23,39568.02,40176.74,38555.00,39897.60,57956.6
2024-01-24,39897.59,40555.00,39484.19,40084.88,39293.8
2024-01-25,40084.89,40300.24,39550.00,39961.09,31022.1
2024-01-26,39961.09,42246.82,39822.52,41823.51,47385.0
2024-01-27,41823.51,42200.00,41394.34,42120.63,16224.4
2024-01-28,42120.63,42842.68,41620.81,42031.06,27295.0
2024-01-29,42031.05,43333.00,41804.88,43302.70,31542.7
2024-01-30,43302.71,43882.36,42683.99,42941.10,37619.2
2024-01-31,42941.10,43745.11,42276.84,42580.00,39871.1
2024-02-01,42580.00,43285.13,41884.28,43082.94,35231.0
2024-02-02,43082.95,43488.00,42546.79,43200.00,29672.1
2024-02-03,43199.99,43380.01,42880.00,43011.09,12033.4
2024-02-04,43011.10,43119.04,42222.00,42582.88,17066.9
2024-02-05,42582.88,43569.76,42258.10,42708.70,29467.8
2024-02-06,42708.70,43399.98,42574.00,43098.95,24675.9
2024-02-07,43098.96,44396.50,42788.00,44349.60,34392.6
2024-02-08,44349.60,45614.30,44331.10,45288.65,45439.6
2024-02-09,45288.66,48200.00,45242.12,47132.77,73503.5
2024-02-10,47132.78,48170.00,46800.00,47751.09,24802.4
2024-02-11,47751.08,48592.66,47557.16,48299.99,29958.8
2024-02-12,48300.00,50334.82,47710.01,49917.27,59010.0
2024-02-13,49917.28,50368.61,48300.95,49699.59,55551.6
2024-02-14,49699.60,52043.71,49225.01,51795.17,57046.4
2024-02-15,51795.17,52816.62,51314.00,51880.00,53816.0
2024-02-16,51880.01,52572.08,51566.00,52124.11,37772.3
2024-02-17,52124.10,52162.82,50625.00,51642.64,25674.0
2024-02-18,51642.64,52377.00,51163.28,52137.67,21992.1
2024-02-19,52137.68,52488.77,51677.00,51774.73,29535.0
2024-02-20,51774.74,52985.00,50760.37,52258.82,49614.5
2024-02-21,52258.82,52366.80,50625.00,51849.39,43079.4
2024-02-22,51849.38,52065.78,50940.78,51288.42,35309.4
2024-02-23,51288.42,51548.54,50521.00,50744.15,30545.8
2024-02-24,50744.15,51698.00,50585.00,51568.22,16560.4
2024-02-25,51568.21,51958.55,51279.80,51728.85,18721.6
2024-02-26,51728.85,54910.00,50901.44,54476.47,51256.7
2024-02-27,54476.48,57588.15,54450.13,57037.34,67195.0
2024-02-28,57037.35,64000.00,56691.85,62432.10,118763.5
2024-02-29,62432.11,63676.35,60364.70,61130.98,78425.1
2024-03-01,61130.99,63114.23,60777.00,62387.90,47737.9
2024-03-02,62387.90,62433.19,61561.12,61987.28,25534.7
2024-03-03,61987.28,63231.88,61320.00,63113.97,28994.9
2024-03-04,63113.97,68499.00,62300.00,68245.71,84835.2
2024-03-05,68245.71,69000.00,59005.00,63724.01,132696.8
2024-03-06,63724.01,67641.10,62779.14,66074.04,78738.9
2024-03-07,66074.04,67980.00,65551.00,66823.17,53059.9
2024-03-08,66823.18,69990.00,66082.66,68124.19,74261.9
2024-03-09,68124.20,68541.10,67861.10,68313.27,19872.9
2024-03-10,68313.28,69887.61,68094.75,68955.88,38404.7
2024-03-11,68955.88,72800.00,67024.96,72078.10,75292.8
2024-03-12,72078.10,73000.00,68620.82,71452.01,68783.5
2024-03-13,71452.00,73650.25,71333.31,73072.41,52659.7
2024-03-14,73072.40,73777.00,68555.00,71388.94,71757.6
2024-03-15,71388.94,72419.71,65600.00,69499.85,103334.0
2024-03-16,69499.84,70043.00,64780.00,65300.63,55927.0
2024-03-17,65300.64,68904.40,64533.00,68393.48,49742.2
2024-03-18,68393.47,68956.00,66565.20,67609.99,55691.1
2024-03-19,67610.00,68124.11,61555.00,61937.40,101005.3
2024-03-20,61937.41,68100.00,60775.00,67840.51,90420.6
2024-03-21,67840.51,68240.47,64529.01,65501.27,53357.5
2024-03-22,65501.28,66649.62,62260.00,63796.64,51482.4
2024-03-23,63796.64,65999.00,63000.00,63990.01,26410.1
2024-03-24,63990.02,67628.69,63772.29,67209.99,31395.8
2024-03-25,67210.00,71150.00,66385.06,69880.01,53431.1
2024-03-26,69880.00,71561.10,69280.00,69988.00,38934.4
2024-03-27,69987.99,71769.54,68359.18,69469.99,49119.4
2024-03-28,69469.99,71552.06,68903.62,70780.60,35439.0
2024-03-29,70780.60,70916.16,69009.00,69850.54,25445.1
2024-03-30,69850.53,70321.10,69540.00,69582.18,13644.6
2024-03-31,69582.17,71366.00,69562.99,71280.01,19396.3
2024-04-01,71280.00,71288.23,68062.86,69649.80,41445.3
2024-04-02,69649.81,69674.23,64550.00,65463.99,71799.8
2024-04-03,65463.99,66903.63,64493.07,65963.28,39887.2
2024-04-04,65963.27,69309.91,65064.52,68487.79,41510.5
2024-04-05,68487.80,68756.67,65952.56,67820.62,37915.2
2024-04-06,67820.63,69692.00,67447.83,68896.00,20134.3
2024-04-07,68896.00,70326.29,68824.00,69360.39,21534.7
2024-04-08,69360.38,72797.99,69043.24,71620.00,45723.9
2024-04-09,71620.00,71758.19,68210.00,69146.00,39293.9
2024-04-10,69146.00,71172.08,67518.00,70631.08,42006.0
2024-04-11,70631.08,71305.89,69567.21,70006.23,31917.3
2024-04-12,70006.22,71227.46,65086.86,67116.52,56072.9
2024-04-13,67116.52,67929.00,60660.57,63924.51,71395.2
2024-04-14,63924.52,65840.00,62134.00,65661.84,61599.2
2024-04-15,65661.85,66867.07,62274.40,63419.99,52389.5
2024-04-16,63419.99,64365.00,61600.00,63793.39,53435.3
2024-04-17,63793.40,64499.00,59678.16,61277.37,50610.5
2024-04-18,61277.38,64117.09,60803.35,63470.08,43601.6
2024-04-19,63470.09,65450.00,59600.01,63818.01,69774.3
2024-04-20,63818.01,65419.00,63090.07,64940.59,23137.4
2024-04-21,64940.58,65695.56,64237.50,64941.15,19316.4
2024-04-22,64941.15,67232.35,64500.00,66819.32,31398.0
2024-04-23,66819.32,67183.01,65765.81,66414.00,22599.9
2024-04-24,66414.00,67070.43,63606.06,64289.59,33595.7
2024-04-25,64289.58,65297.94,62794.00,64498.34,31341.5
2024-04-26,64498.33,64820.01,63297.48,63770.01,27085.2
2024-04-27,63770.00,63923.41,62391.24,63461.98,20933.1
2024-04-28,63461.98,64370.00,62781.00,63118.62,16949.2
2024-04-29,63118.62,64228.35,61765.53,63866.00,28150.2
2024-04-30,63866.00,64734.00,59191.60,60672.00,54947.7
2024-05-01,60672.01,60841.63,56552.82,58364.97,81166.5
2024-05-02,58364.97,59625.00,56911.84,59060.61,47583.8
2024-05-03,59060.60,63333.00,58811.32,62882.01,43628.4
2024-05-04,62882.01,64540.00,62541.03,63892.04,24368.7
2024-05-05,63892.03,64646.00,62822.17,64012.00,18526.8
2024-05-06,64012.00,65500.00,62700.00,63165.19,34674.9
2024-05-07,63165.18,64422.41,62261.00,62312.08,25598.8
2024-05-08,62312.07,63020.22,60888.00,61193.03,26121.2
2024-05-09,61193.03,63429.03,60630.00,63074.01,30660.8
2024-05-10,63074.00,63469.13,60187.12,60799.99,36529.3
2024-05-11,60799.99,61515.00,60487.09,60825.99,13374.6
2024-05-12,60825.99,61888.00,60610.00,61483.99,12753.1
2024-05-13,61484.00,63450.00,60749.21,62940.08,32733.4
2024-05-14,62940.09,63118.36,61142.77,61577.49,29088.7
2024-05-15,61577.49,66444.16,61319.47,66206.50,43559.7
2024-05-16,66206.51,66752.01,64602.77,65235.21,31106.4
2024-05-17,65235.21,67451.20,65106.38,67024.00,26292.2
2024-05-18,67024.00,67400.01,66600.00,66915.20,14441.3
2024-05-19,66915.20,67700.00,65857.25,66274.01,18025.3
2024-05-20,66274.00,71515.56,66060.31,71446.62,50816.7
2024-05-21,71446.62,71979.00,69162.94,70148.34,49607.4
2024-05-22,70148.34,70666.00,68842.19,69166.62,27673.2
2024-05-23,69166.62,70096.12,66312.16,67969.65,40513.2
2024-05-24,67969.66,69250.00,66600.12,68549.99,28095.8
2024-05-25,68549.99,69610.00,68500.00,69290.57,12130.4
2024-05-26,69290.56,69562.23,68128.01,68507.67,11872.1
2024-05-27,68507.67,70687.56,68250.00,69436.43,23136.9
2024-05-28,69436.43,69591.81,67277.91,68398.39,32623.0
2024-05-29,68398.40,68935.68,67124.65,67652.42,23159.8
2024-05-30,67652.41,69500.00,67128.00,68352.17,28478.2
2024-05-31,68352.17,69044.10,66670.00,67540.01,26690.3
2024-06-01,67540.01,67900.00,67428.44,67766.85,8837.7
2024-06-02,67766.84,68460.00,67257.47,67765.63,15426.3
2024-06-03,67765.62,70288.00,67612.48,68809.90,29633.4
2024-06-04,68809.89,71063.45,68567.32,70537.84,29619.8
2024-06-05,70537.83,71758.00,70383.66,71108.00,28703.2
2024-06-06,71108.00,71700.00,70117.64,70799.06,21842.0
2024-06-07,70799.06,71997.02,68420.00,69355.60,35598.5
2024-06-08,69355.60,69582.20,69168.02,69310.46,9773.8
2024-06-09,69310.46,69857.14,69130.24,69648.14,9890.6
2024-06-10,69648.15,70195.94,69172.29,69540.00,17122.7
2024-06-11,69540.00,69590.01,66051.00,67314.24,41436.0
2024-06-12,67314.23,69999.00,66905.00,68263.99,37175.3
2024-06-13,68263.98,68449.30,66251.78,66773.01,29079.6
2024-06-14,66773.01,67370.24,65078.00,66043.99,28408.2
2024-06-15,66043.99,66478.48,65857.10,66228.25,11451.8
2024-06-16,66228.25,66998.70,66034.50,66676.87,9392.5
2024-06-17,66676.86,67298.81,65130.00,66504.33,27386.2
2024-06-18,66504.33,66588.23,64060.00,65175.32,42350.1
2024-06-19,65175.32,65727.54,64666.00,64974.37,20060.8
2024-06-20,64974.37,66482.94,64559.15,64869.99,24265.3
2024-06-21,64869.99,65066.66,63379.35,64143.56,25993.6
2024-06-22,64143.56,64546.81,63943.82,64262.01,7309.0
2024-06-23,64262.01,64521.00,63178.32,63210.01,8224.5
2024-06-24,63210.01,63369.80,58402.00,60293.30,52161.4
2024-06-25,60293.30,62420.00,60257.06,61806.01,31189.2
2024-06-26,61806.01,62487.81,60712.00,60864.99,22485.7
2024-06-27,60864.98,62389.22,60606.63,61706.47,18344.3
2024-06-28,61706.46,62225.31,60063.00,60427.84,24821.2
2024-06-29,60427.84,61224.00,60383.77,60986.68,11509.6
2024-06-30,60986.68,63058.76,60712.21,62772.01,17326.3
2024-07-01,62772.01,63861.76,62497.20,62899.99,24547.1
2024-07-02,62900.00,63288.83,61806.28,62135.47,18573.1
2024-07-03,62135.46,62285.94,59400.00,60208.58,32160.1
2024-07-04,60208.57,60498.19,56771.00,57050.01,54568.8
2024-07-05,57050.02,57546.00,53485.93,56628.79,81348.2
2024-07-06,56628.79,58475.00,56018.00,58230.13,21651.3
2024-07-07,58230.13,58449.46,55724.37,55857.81,19118.9
2024-07-08,55857.81,58236.73,54260.16,56714.62,48090.2
2024-07-09,56714.61,58296.00,56289.45,58050.00,27732.2
2024-07-10,58050.00,59470.00,57157.79,57725.85,24951.7
2024-07-11,57725.85,59650.00,57050.00,57339.89,29761.1
2024-07-12,57339.89,58526.68,56542.47,57889.10,23652.5
2024-07-13,57889.09,59850.00,57756.63,59204.02,15357.7
2024-07-14,59204.01,61420.69,59194.01,60797.91,21178.3
2024-07-15,60797.91,64900.00,60632.30,64724.14,38691.0
2024-07-16,64724.06,65388.97,62373.24,65043.99,42530.5
2024-07-17,65044.00,66128.63,63854.00,64087.99,29567.5
2024-07-18,64087.99,65133.30,63238.48,63987.92,22568.7
2024-07-19,63987.92,67386.00,63300.67,66660.00,35634.7
2024-07-20,66660.01,67598.00,66222.46,67139.96,14386.9
2024-07-21,67139.97,68366.66,65777.00,68165.34,21819.1
2024-07-22,68165.35,68474.55,66559.97,67532.01,21451.0
2024-07-23,67532.00,67750.98,65441.08,65936.01,31406.2
2024-07-24,65936.00,67102.01,65111.00,65376.00,23082.6
2024-07-25,65376.01,66175.49,63456.70,65799.95,35126.4
2024-07-26,65799.95,68200.00,65722.63,67907.99,24244.4
2024-07-27,67908.00,69399.99,66650.00,67896.50,31710.2
2024-07-28,67896.49,68318.43,67066.66,68249.88,10868.7
2024-07-29,68249.88,70079.99,66428.00,66784.69,36467.3
2024-07-30,66784.68,67000.00,65302.67,66188.00,23132.3
2024-07-31,66188.00,66849.24,64530.00,64628.00,22625.4
2024-08-01,64628.01,65659.78,62302.00,65354.02,35542.3
2024-08-02,65354.02,65596.14,61230.01,61498.33,38820.4
2024-08-03,61498.34,62198.22,59850.00,60697.99,28034.7
2024-08-04,60697.99,61117.63,57122.77,58161.00,31616.5
2024-08-05,58161.00,58305.59,49000.00,54018.81,162065.6
2024-08-06,54018.82,57040.99,53950.00,56022.01,55884.8
2024-08-07,56022.00,57736.05,54558.62,55134.16,44269.4
2024-08-08,55133.76,62745.14,54730.00,61685.99,48349.5
2024-08-09,61686.00,61744.37,59535.00,60837.99,30972.5
2024-08-10,60837.99,61470.58,60242.00,60923.51,9995.2
2024-08-11,60923.51,61858.00,58286.73,58712.59,19189.8
2024-08-12,58712.59,60711.09,57642.21,59346.64,37009.9
2024-08-13,59346.64,61578.10,58392.88,60587.15,27859.0
2024-08-14,60587.16,61800.00,58433.18,58683.39,28422.8
2024-08-15,58683.39,59849.38,56078.54,57541.06,37686.2
2024-08-16,57541.05,59817.76,57098.62,58874.60,27610.8
2024-08-17,58874.59,59700.00,58785.05,59491.99,7721.7
2024-08-18,59491.99,60284.99,58408.92,58427.35,13634.9
2024-08-19,58427.35,59617.63,57787.30,59438.50,22809.3
2024-08-20,59438.50,61400.00,58548.23,59013.80,31477.4
2024-08-21,59013.80,61820.93,58783.47,61156.03,27983.6
2024-08-22,61156.03,61400.00,59724.87,60375.84,21241.2
2024-08-23,60375.83,64955.00,60342.14,64037.24,38118.1
2024-08-24,64037.24,64494.50,63531.00,64157.01,15857.2
2024-08-25,64157.02,65000.00,63773.27,64220.00,12305.5
2024-08-26,64219.99,64481.00,62800.00,62834.00,19470.1
2024-08-27,62834.00,63212.00,58034.01,59415.00,35135.9
2024-08-28,59415.00,60234.98,57860.00,59034.90,36868.5
2024-08-29,59034.90,61166.99,58713.09,59359.01,27020.9
2024-08-30,59359.00,59944.07,57701.10,59123.99,28519.3
2024-08-31,59123.99,59462.38,58744.00,58973.99,8798.4
2024-09-01,58974.00,59076.59,57201.00,57301.86,20705.2
2024-09-02,57301.77,59425.69,57128.00,59132.13,22895.0
2024-09-03,59132.12,59809.65,57415.00,57487.73,22828.2
2024-09-04,57487.74,58519.00,55606.00,57970.90,35560.8
2024-09-05,57970.90,58327.07,55643.65,56180.00,27806.9
2024-09-06,56180.00,57008.00,52550.00,53962.97,54447.8
2024-09-07,53962.97,54850.00,53745.54,54160.86,16694.0
2024-09-08,54160.86,55318.00,53629.01,54869.95,16274.1
2024-09-09,54869.95,58088.00,54591.96,57042.00,32384.5
2024-09-10,57042.01,58044.36,56386.40,57635.99,23626.8
2024-09-11,57635.99,57981.71,55545.19,57338.00,33026.6
2024-09-12,57338.00,58588.00,57324.00,58132.32,31074.4
2024-09-13,58132.31,60625.00,57632.62,60498.00,29825.2
2024-09-14,60497.99,60610.45,59400.00,59993.03,12137.9
2024-09-15,59993.02,60395.80,58691.05,59132.00,13757.9
2024-09-16,59132.00,59210.70,57493.30,58213.99,26477.6
2024-09-17,58213.99,61320.00,57610.01,60313.99,33116.3
2024-09-18,60313.99,61786.24,59174.80,61759.99,36087.0
2024-09-19,61759.98,63850.00,61555.00,62947.99,34332.5
2024-09-20,62948.00,64133.32,62350.00,63201.05,25466.4
2024-09-21,63201.05,63559.90,62758.00,63348.96,8375.3
2024-09-22,63348.97,64000.00,62357.93,63578.76,14242.2
2024-09-23,63578.76,64745.88,62538.75,63339.99,24078.1
2024-09-24,63339.99,64688.00,62700.00,64262.70,23185.0
2024-09-25,64262.70,64817.99,62947.08,63152.01,17813.1
2024-09-26,63152.01,65839.00,62670.00,65173.99,28373.3
2024-09-27,65173.99,66498.00,64819.90,65769.95,22048.8
2024-09-28,65769.95,66260.00,65422.23,65858.00,9127.2
2024-09-29,65858.00,66076.12,65432.00,65602.01,8337.7
2024-09-30,65602.01,65618.80,62856.30,63327.59,30011.1
2024-10-01,63327.60,64130.63,60164.00,60805.78,43671.5
2024-10-02,60804.92,62390.31,60000.00,60649.28,31534.7
2024-10-03,60649.27,61477.19,59828.11,60752.71,26221.4
2024-10-04,60752.72,62484.85,60459.90,62086.00,21294.7
2024-10-05,62086.00,62370.56,61689.26,62058.00,7807.5
2024-10-06,62058.01,62975.00,61798.97,62819.91,8906.9
2024-10-07,62819.91,64478.19,62128.00,62224.00,25966.2
2024-10-08,62224.01,63200.00,61860.31,62160.49,19702.2
2024-10-09,62160.50,62543.75,60301.00,60636.02,20011.2
2024-10-10,60636.01,61321.68,58946.00,60326.39,23967.9
2024-10-11,60326.40,63417.56,60087.64,62540.00,23641.4
2024-10-12,62539.99,63480.00,62487.23,63206.22,10911.3
2024-10-13,63206.23,63285.72,62050.00,62870.02,11909.2
2024-10-14,62870.02,66500.00,62457.81,66083.99,37670.0
2024-10-15,66084.00,67950.00,64800.01,67074.14,43684.0
2024-10-16,67074.14,68424.00,66750.49,67620.01,29938.3
2024-10-17,67620.00,67939.40,66666.00,67421.78,25328.2
2024-10-18,67421.78,69000.00,67192.36,68428.00,28725.6
2024-10-19,68427.99,68693.26,68010.00,68378.00,8193.7
2024-10-20,68377.99,69400.00,68100.00,69031.99,12442.5
2024-10-21,69032.00,69519.52,66840.67,67377.50,31374.4
2024-10-22,67377.50,67836.01,66571.42,67426.00,24599.0
2024-10-23,67426.01,67472.83,65260.00,66668.65,25530.2
2024-10-24,66668.65,68850.00,66510.00,68198.28,22589.8
2024-10-25,68198.27,68771.49,65596.29,66698.33,34479.7
2024-10-26,66698.32,67454.55,66439.90,67092.76,11842.9
2024-10-27,67092.76,68332.05,66913.73,68021.70,8653.2
2024-10-28,68021.69,70270.00,67618.00,69962.21,29046.8
2024-10-29,69962.21,73620.12,69760.00,72736.42,50128.6
2024-10-30,72736.41,72961.00,71436.00,72344.74,26886.0
2024-10-31,72344.75,72700.00,69685.76,70292.01,29352.1
2024-11-01,70292.01,71632.95,68820.14,69496.01,38301.9
2024-11-02,69496.00,69914.37,69000.14,69374.74,10521.7
2024-11-03,69374.74,69391.00,67478.73,68775.99,24995.7
2024-11-04,68775.99,69500.00,66835.00,67850.01,29800.4
2024-11-05,67850.01,70577.91,67476.63,69372.01,33355.1
2024-11-06,69372.01,76400.00,69298.00,75571.99,104127.0
2024-11-07,75571.99,76849.99,74416.00,75857.89,44869.4
2024-11-08,75857.89,77199.99,75555.00,76509.78,36521.1
2024-11-09,76509.78,76900.00,75714.66,76677.46,16942.1
2024-11-10,76677.46,81500.00,76492.00,80370.01,61830.1
2024-11-11,80370.01,89530.54,80216.01,88647.99,82323.7
2024-11-12,88648.00,89940.00,85072.00,87952.01,97299.9
2024-11-13,87952.00,93265.64,86127.99,90375.20,86763.9
2024-11-14,90375.21,91790.00,86668.21,87325.59,56729.5
2024-11-15,87325.59,91850.00,87073.38,91032.07,47928.0
2024-11-16,91032.08,91779.66,90056.17,90586.92,22717.9
2024-11-17,90587.98,91449.99,88722.00,89855.99,23867.6
2024-11-18,89855.98,92594.00,89376.90,90464.08,46545.0
2024-11-19,90464.07,93905.51,90357.00,92310.79,43660.0
2024-11-20,92310.80,94831.97,91500.00,94286.56,42203.2
2024-11-21,94286.56,98988.00,94040.00,98317.12,69228.4
2024-11-22,98317.12,99588.01,97122.11,98892.00,46189.3
2024-11-23,98892.00,98908.85,97136.00,97672.40,24757.8
2024-11-24,97672.40,98564.00,95734.77,97900.04,31201.0
2024-11-25,97900.05,98871.80,92600.19,93010.01,50847.5
2024-11-26,93010.01,94973.37,90791.10,91965.16,57858.7
2024-11-27,91965.16,97208.21,91792.14,95863.11,41153.4
2024-11-28,95863.11,96564.00,94640.00,95643.98,28814.5
2024-11-29,95643.99,98619.99,95364.99,97460.00,27701.8
2024-11-30,97460.00,97463.95,96092.01,96407.99,14503.8
2024-12-01,96407.99,97836.00,95693.88,97185.18,16938.6
2024-12-02,97185.17,98130.00,94395.00,95840.62,37958.7
2024-12-03,95840.61,96305.52,93578.17,95849.69,35827.3
2024-12-04,95849.69,99000.00,94587.83,98587.32,43850.5
2024-12-05,98587.32,104088.00,90500.00,96945.63,109921.7
2024-12-06,96945.63,101898.99,95981.72,99740.84,45049.5
2024-12-07,99740.84,100439.18,98844.00,99831.99,14931.9
2024-12-08,99831.99,101351.00,98657.70,101109.59,14613.0
2024-12-09,101109.60,101215.93,94150.05,97276.47,53949.1
2024-12-10,97276.48,98270.00,94256.54,96593.00,51708.7
2024-12-11,96593.00,101888.00,95658.24,101125.00,37753.8
2024-12-12,101125.00,102540.00,99311.64,100004.29,29232.1
2024-12-13,100004.29,101895.26,99205.00,101424.25,21904.0
2024-12-14,101424.24,102650.00,100609.41,101420.00,14191.7
2024-12-15,101420.00,105250.00,101237.14,104463.99,22228.9
2024-12-16,104463.99,107793.07,103333.00,106058.66,41302.4
2024-12-17,106058.65,108353.00,105321.49,106133.74,29064.9
2024-12-18,106133.74,106524.98,100000.00,100204.01,50308.0
2024-12-19,100204.01,102800.11,95700.00,97461.86,55147.4
2024-12-20,97461.86,98233.00,92232.54,97805.44,62884.1
2024-12-21,97805.44,99540.61,96398.39,97291.99,23483.5
2024-12-22,97292.00,97448.08,94250.35,95186.27,19353.8
2024-12-23,95186.28,96538.92,92520.00,94881.47,32810.8
2024-12-24,94881.47,99487.99,93569.02,98663.58,23674.2
2024-12-25,98663.58,99569.15,97632.02,99429.60,14474.2
2024-12-26,99429.61,99963.70,95199.14,95791.60,21192.4
2024-12-27,95791.60,97544.58,93500.01,94299.03,26501.3
2024-12-28,94299.03,95733.99,94135.66,95300.00,8385.9
2024-12-29,95300.00,95340.00,93009.52,93738.20,13576.0
2024-12-30,93738.19,95024.50,91530.45,92792.05,27619.4
2024-12-31,92792.05,96250.00,92033.73,93576.00,19612.0
2025-01-01,93576.00,95151.15,92888.00,94591.79,10373.3
2025-01-02,94591.78,97839.50,94392.00,96984.79,21970.5
2025-01-03,96984.79,98976.91,96100.01,98174.18,15253.8
2025-01-04,98174.17,98778.43,97514.79,98220.50,8990.1
2025-01-05,98220.51,98836.85,97276.79,98363.61,8095.6
2025-01-06,98363.61,102480.00,97920.00,102235.60,25263.4
2025-01-07,102235.60,102724.38,96181.81,96954.61,32059.9
2025-01-08,96954.60,97268.65,92500.90,95060.61,33704.7
2025-01-09,95060.61,95382.32,91203.67,92552.49,34544.8
2025-01-10,92552.49,95836.00,92206.02,94726.11,31482.9
2025-01-11,94726.10,95050.94,93831.73,94599.99,7047.9
2025-01-12,94599.99,95450.10,93711.19,94545.06,8606.9
2025-01-13,94545.07,95940.00,89256.69,94536.10,42619.6
2025-01-14,94536.11,97371.00,94346.22,96560.86,27846.6
2025-01-15,96560.85,100681.94,96500.00,100497.35,30510.0
2025-01-16,100497.35,100866.66,97335.13,99987.30,27832.9
2025-01-17,99987.30,105865.22,99950.77,104077.48,39171.9
2025-01-18,104077.47,104988.88,102277.55,104556.23,24307.8
2025-01-19,104556.23,106422.43,99651.60,101331.57,43397.3
2025-01-20,101331.57,109588.00,99550.00,102260.01,89529.2
2025-01-21,102260.00,107240.81,100119.04,106143.82,45941.0
2025-01-22,106143.82,106394.46,103339.12,103706.66,22248.7
2025-01-23,103706.66,106850.00,101262.28,103910.34,53953.1
2025-01-24,103910.35,107120.00,102750.00,104870.50,23609.2
2025-01-25,104870.51,105286.52,104106.09,104746.85,9068.3
2025-01-26,104746.86,105500.00,102520.44,102620.00,9812.5
2025-01-27,102620.01,103260.00,97777.77,102082.83,50758.1
2025-01-28,102082.83,103800.00,100272.68,101335.52,22022.1
2025-01-29,101335.52,104782.68,101328.01,103733.24,23155.4
2025-01-30,103733.25,106457.44,103278.54,104722.94,19374.1
2025-01-31,104722.94,106012.00,101560.00,102429.56,21983.2
2025-02-01,102429.56,102783.71,100279.51,100635.65,12291.0
2025-02-02,100635.66,101456.60,96150.00,97700.59,34619.5
2025-02-03,97700.59,102500.01,91231.00,101328.52,75164.7
2025-02-04,101328.51,101732.31,96150.00,97763.13,40268.0
2025-02-05,97763.14,99149.00,96155.00,96612.43,26233.3
2025-02-06,96612.44,99120.00,95676.64,96554.35,23515.2
2025-02-07,96554.35,100137.99,95620.34,96506.80,31794.2
2025-02-08,96506.80,96880.00,95688.00,96444.74,10147.2
2025-02-09,96444.75,97323.09,94713.00,96462.75,14120.9
2025-02-10,96462.75,98345.00,95256.00,97430.82,20572.9
2025-02-11,97430.82,98478.42,94876.88,95778.20,18647.8
2025-02-12,95778.21,98119.99,94088.23,97869.99,29151.2
2025-02-13,97870.00,98083.91,95217.36,96608.14,19921.8
2025-02-14,96608.13,98826.00,96252.82,97500.48,18173.0
2025-02-15,97500.47,97972.26,97223.58,97569.66,7349.4
2025-02-16,97569.67,97704.47,96046.18,96118.12,8191.4
2025-02-17,96118.12,97046.59,95205.00,95780.00,16492.0
2025-02-18,95780.01,96753.91,93388.09,95671.74,23368.2
2025-02-19,95671.74,96899.99,95029.99,96644.37,16438.5
2025-02-20,96644.37,98711.36,96415.09,98305.00,17057.4
2025-02-21,98305.01,99475.00,94871.95,96181.98,32249.3
2025-02-22,96181.99,96980.00,95770.49,96551.01,11268.2
2025-02-23,96551.01,96650.00,95227.94,96258.00,10884.8
2025-02-24,96258.00,96500.00,91349.26,91552.88,31550.1
2025-02-25,91552.88,92540.69,86050.99,88680.40,78333.1
2025-02-26,88680.39,89414.15,82256.01,84250.09,56893.5
2025-02-27,84250.09,87078.46,82716.49,84708.58,42505.5
2025-02-28,84708.57,85120.00,78258.52,84349.94,83648.0
2025-03-01,84349.95,86558.00,83824.78,86064.53,25785.1
2025-03-02,86064.54,95000.00,85050.60,94270.00,54889.1
2025-03-03,94269.99,94416.46,85117.11,86220.61,59171.1
2025-03-04,86221.16,88967.52,81500.00,87281.98,55609.1
2025-03-05,87281.98,91000.00,86334.53,90606.01,38264.0
2025-03-06,90606.00,92810.64,87836.00,89931.89,34342.4
2025-03-07,89931.88,91283.02,84667.03,86801.75,57980.4
2025-03-08,86801.74,86897.25,85218.47,86222.45,12989.2
2025-03-09,86222.46,86500.00,80000.00,80734.37,26115.4
2025-03-10,80734.48,84123.46,77459.91,78595.86,47633.4
2025-03-11,78595.86,83617.40,76606.00,82932.99,48770.1
2025-03-12,82932.99,84539.85,80607.65,83680.12,31934.0
2025-03-13,83680.12,84336.33,79939.90,81115.78,27546.3
2025-03-14,81115.78,85309.71,80818.84,83983.20,26858.5
2025-03-15,83983.19,84676.28,83618.00,84338.44,11324.7
2025-03-16,84338.44,85117.04,81981.12,82574.53,17596.1
2025-03-17,82574.52,84756.83,82456.00,84010.03,17214.7
2025-03-18,84010.02,84021.74,81134.66,82715.03,17610.9
2025-03-19,82715.03,87000.00,82547.16,86845.94,28151.1
2025-03-20,86845.93,87453.67,83655.23,84223.39,22090.3
2025-03-21,84223.38,84850.33,83175.25,84088.79,11957.0
2025-03-22,84088.79,84539.17,83625.10,83840.59,5420.2
2025-03-23,83840.59,86129.64,83809.75,86082.50,8462.0
2025-03-24,86082.50,88765.43,85519.09,87498.16,30115.6
2025-03-25,87498.16,88539.63,86310.00,87392.87,22643.3
2025-03-26,87392.88,88275.00,85860.00,86909.17,18408.8
2025-03-27,86909.17,87756.39,85800.00,87232.01,17098.0
2025-03-28,87232.01,87515.67,83585.00,84424.38,27182.7
2025-03-29,84424.38,84624.73,81644.81,82648.54,11696.4
2025-03-30,82648.53,83534.64,81565.00,82389.99,9864.5
2025-03-31,82390.00,83943.08,81278.52,82550.01,20569.1
2025-04-01,82550.00,85579.46,82432.74,85158.34,20190.4
2025-04-02,85158.35,88500.00,82320.00,82516.29,39931.5
2025-04-03,82516.28,83998.02,81211.24,83213.09,27337.8
2025-04-04,83213.09,84720.00,81659.00,83889.87,32915.5
2025-04-05,83889.87,84266.00,82379.95,83537.99,9360.4
2025-04-06,83537.99,83817.63,77153.83,78430.00,27942.7
2025-04-07,78430.00,81243.58,74508.00,79163.24,78387.5
2025-04-08,79163.24,80867.99,76239.90,76322.42,35317.3
2025-04-09,76322.42,83588.00,74620.00,82615.22,75488.3
2025-04-10,82615.22,82753.21,78464.36,79607.30,33284.8
2025-04-11,79607.30,84300.00,78969.58,83423.84,34435.4
2025-04-12,83423.83,85905.00,82792.95,85276.90,18470.7
2025-04-13,85276.91,86100.00,83034.23,83760.00,24680.0
2025-04-14,83760.00,85799.99,83678.00,84591.58,28659.1
2025-04-15,84591.58,86496.42,83600.00,83643.99,20911.0
2025-04-16,83643.99,85500.00,83111.64,84030.38,20867.2
2025-04-17,84030.38,85470.01,83736.26,84947.91,13728.8
2025-04-18,84947.92,85132.08,84303.96,84474.69,6530.0
2025-04-19,84474.70,85677.99,84364.45,85077.01,9666.6
2025-04-20,85077.00,85320.76,83949.52,85179.24,8091.7
2025-04-21,85179.24,88465.99,85144.76,87516.23,31773.4
2025-04-22,87516.22,93888.00,87076.03,93442.99,43872.7
2025-04-23,93442.99,94696.05,91935.41,93691.08,27404.2
2025-04-24,93691.07,94005.00,91660.01,93980.47,19497.1
2025-04-25,93980.47,95758.04,92855.96,94638.68,27500.7
2025-04-26,94638.68,95199.00,93870.69,94628.00,9415.1
2025-04-27,94628.00,95369.00,93602.58,93749.30,11162.8
2025-04-28,93749.29,95630.00,92800.01,95011.18,22157.5
2025-04-29,95011.18,95461.53,93742.54,94256.82,16955.3
2025-04-30,94256.82,95228.45,92910.00,94172.00,17661.3
2025-05-01,94172.00,97424.02,94130.43,96489.91,21380.5
2025-05-02,96489.90,97895.68,96350.00,96887.14,14905.7
2025-05-03,96887.13,96935.67,95753.01,95856.42,9723.3
2025-05-04,95856.42,96304.48,94151.38,94277.62,11036.4
2025-05-05,94277.61,95199.00,93514.10,94733.68,17251.2
2025-05-06,94733.68,96920.65,93377.00,96834.02,16122.6
2025-05-07,96834.02,97732.00,95784.61,97030.50,16644.8
2025-05-08,97030.50,104145.76,96876.29,103261.60,34962.0
2025-05-09,103261.61,104361.30,102315.14,102971.99,27617.4
2025-05-10,102971.99,104984.57,102818.76,104809.53,15324.8
2025-05-11,104809.53,104972.00,103345.06,104118.00,17987.1
2025-05-12,104118.00,105819.45,100718.37,102791.32,31272.8
2025-05-13,102791.32,104976.25,101429.70,104103.72,21253.4
2025-05-14,104103.72,104356.95,102602.05,103507.82,16452.9
2025-05-15,103507.83,104192.70,101383.07,103763.71,17999.0
2025-05-16,103763.71,104550.33,103100.49,103463.90,15683.9
2025-05-17,103463.90,103709.86,102612.50,103126.65,11250.9
2025-05-18,103126.65,106660.00,103105.09,106454.26,21600.0
2025-05-19,106454.27,107108.62,102000.00,105573.74,30260.0
2025-05-20,105573.73,107320.00,104184.72,106849.99,23705.5
2025-05-21,106850.00,110797.38,106100.01,109643.99,45531.0
2025-05-22,109643.99,111980.00,109177.37,111696.21,31630.8
2025-05-23,111696.22,111800.00,106800.00,107318.30,31737.7
2025-05-24,107318.30,109506.03,106875.41,107761.91,16782.5
2025-05-25,107761.90,109299.99,106600.64,109004.19,17710.0
2025-05-26,109004.20,110422.22,108670.58,109434.79,14649.1
2025-05-27,109434.78,110718.00,107516.57,108938.17,21276.7
2025-05-28,108938.17,109284.70,106769.43,107781.78,15633.8
2025-05-29,107781.78,108891.91,105322.86,105589.75,19834.7
2025-05-30,105589.75,106313.12,103621.00,103985.48,23706.5
2025-05-31,103985.47,104900.00,103068.55,104591.88,11289.4
2025-06-01,104591.88,105866.91,103752.49,105642.93,9709.7
2025-06-02,105642.93,105935.63,103659.88,105857.99,13454.0
2025-06-03,105858.00,106794.67,104872.50,105376.89,13259.5
2025-06-04,105376.90,106000.00,104179.00,104696.86,14034.9
2025-06-05,104696.86,105909.71,100372.26,101508.68,22321.5
2025-06-06,101508.69,105333.00,101095.80,104288.44,15839.1
2025-06-07,104288.43,105900.00,103871.09,105552.15,8344.9
2025-06-08,105552.15,106488.14,104964.14,105734.00,8048.1
2025-06-09,105734.01,110530.17,105318.37,110263.02,19975.4
2025-06-10,110263.02,110400.00,108331.03,110274.39,17071.8
2025-06-11,110274.39,110392.01,108064.00,108645.12,13115.9
2025-06-12,108645.13,108813.55,105671.72,105671.73,17778.7
2025-06-13,105671.74,106179.53,102664.31,106066.59,26180.8
2025-06-14,106066.59,106252.00,104300.00,105414.64,8798.9
2025-06-15,105414.63,106128.57,104494.53,105594.01,7164.2
2025-06-16,105594.02,108952.38,104980.37,106794.53,14922.7
2025-06-17,106794.53,107771.34,103371.02,104551.17,17866.3
2025-06-18,104551.17,105550.27,103500.00,104886.78,13968.6
2025-06-19,104886.79,105226.17,103929.27,104658.59,7678.6
2025-06-20,104658.59,106524.65,102345.00,103297.99,16419.1
2025-06-21,103297.98,103982.64,100837.90,102120.01,11154.2
2025-06-22,102120.02,103399.62,98200.00,100963.87,28746.4
2025-06-23,100963.87,106074.20,99613.33,105333.93,27666.5
2025-06-24,105333.94,106290.00,104622.02,106083.00,14651.7
2025-06-25,106083.00,108135.30,105808.03,107340.58,16701.2
2025-06-26,107340.59,108272.45,106562.50,106947.06,10573.3
2025-06-27,106947.06,107735.34,106356.76,107047.59,12232.4
2025-06-28,107047.58,107577.75,106811.51,107296.79,3282.2
2025-06-29,107296.79,108528.50,107172.52,108356.93,6831.7
2025-06-30,108356.93,108789.99,106733.33,107146.50,9754.1
2025-07-01,107146.51,107540.00,105250.85,105681.14,10505.6
2025-07-02,105681.13,109730.00,105100.19,108849.60,17691.9
2025-07-03,108849.59,110529.18,108530.40,109584.78,13047.1
2025-07-04,109584.77,109767.59,107245.00,107984.24,11793.9
2025-07-05,107984.25,108420.56,107756.31,108198.12,3737.0
2025-07-06,108198.12,109700.00,107800.01,109203.84,6447.6
2025-07-07,109203.85,109700.00,107513.20,108262.94,9405.4
2025-07-08,108262.94,109216.56,107429.57,108922.98,9216.0
2025-07-09,108922.99,111999.79,108324.53,111233.99,17282.3
2025-07-10,111234.00,116868.00,110500.00,116010.00,24883.5
2025-07-11,116010.01,118869.98,115222.22,117527.66,25873.5
2025-07-12,117527.66,118200.00,116900.05,117420.00,8446.6
2025-07-13,117420.00,119488.00,117224.79,119086.64,9550.8
2025-07-14,119086.65,123218.00,118905.18,119841.18,27269.3
2025-07-15,119841.17,119940.83,115736.92,117758.09,32018.5
2025-07-16,117758.08,120063.84,117017.29,118630.43,17039.9
2025-07-17,118630.44,120998.71,117453.57,119177.56,15728.6
2025-07-18,119177.56,120820.71,116812.76,117924.84,19924.7
2025-07-19,117924.84,118499.90,117277.34,117840.00,6635.8
2025-07-20,117840.01,118856.80,116467.02,117265.12,12962.9
2025-07-21,117265.11,119676.73,116515.00,117380.36,17107.3
2025-07-22,117380.36,120247.80,116128.00,119954.42,20959.1
2025-07-23,119954.43,120090.00,117301.00,118755.99,14558.8
2025-07-24,118756.00,119450.00,117103.10,118340.99,15806.9
2025-07-25,118340.98,118451.57,114723.16,117614.31,38406.3
2025-07-26,117614.31,118297.35,117138.38,117919.99,6991.7
2025-07-27,117919.99,119766.65,117825.50,119415.55,9328.3
2025-07-28,119415.56,119800.00,117427.50,118062.32,13961.7
2025-07-29,118062.32,119273.36,116950.75,117950.76,15137.9
2025-07-30,117950.75,118792.00,115796.23,117840.30,15586.7
2025-07-31,117840.29,118922.45,115500.00,115764.08,17010.0
2025-08-01,115764.07,116052.00,112722.58,113297.93,24487.1
2025-08-02,113297.92,114063.49,112003.00,112546.35,11507.3
2025-08-03,112546.35,114799.97,111920.00,114208.80,7397.8
2025-08-04,114208.81,115720.00,114107.60,115055.03,9667.7
2025-08-05,115055.03,115127.81,112650.00,114129.75,12042.8
2025-08-06,114129.75,115716.00,113355.13,114992.27,9761.2
2025-08-07,114992.27,117621.00,114259.00,117472.01,13468.6
2025-08-08,117472.02,117630.00,115878.71,116674.74,10045.3
2025-08-09,116674.74,117944.05,116299.13,116462.25,9514.1
2025-08-10,116462.25,119311.11,116460.63,119294.01,14322.8
2025-08-11,119294.27,122335.16,118050.11,118686.00,26494.3
2025-08-12,118686.00,120324.43,118207.47,120134.08,16720.1
2025-08-13,120134.09,123667.79,118920.92,123306.43,23210.1
2025-08-14,123306.44,124474.00,117180.00,118295.09,27980.9
2025-08-15,118295.09,119216.82,116803.99,117342.05,13623.3
2025-08-16,117342.04,117898.99,117143.98,117380.66,6393.7
2025-08-17,117380.66,118575.00,117172.21,117405.01,5898.6
2025-08-18,117405.01,117543.75,114640.14,116227.05,17745.9
2025-08-19,116227.05,116725.69,112732.58,112872.94,18065.5
2025-08-20,112872.95,114615.38,112380.00,114271.24,15636.3
2025-08-21,114271.23,114821.76,112015.67,112500.00,10839.7
2025-08-22,112500.00,117429.05,111684.79,116935.99,23128.1
2025-08-23,116936.00,117030.00,114560.00,115438.05,11329.4
2025-08-24,115438.06,115666.68,110680.00,113493.59,21176.0
2025-08-25,113493.59,113667.28,109274.10,110111.98,25182.8
2025-08-26,110111.98,112371.00,108666.66,111763.22,18452.4
2025-08-27,111763.22,112625.00,110345.42,111262.01,13392.6
2025-08-28,111262.01,113485.90,110862.42,112566.90,11104.3
2025-08-29,112566.90,112638.64,107463.90,108377.40,22580.3
2025-08-30,108377.40,108926.15,107350.10,108816.33,10708.4
2025-08-31,108816.33,109480.02,108076.93,108246.35,9489.5
2025-09-01,108246.36,109912.40,107255.00,109237.42,16053.6
2025-09-02,109237.43,111771.52,108393.39,111240.01,18510.3
2025-09-03,111240.01,112575.27,110528.71,111705.71,11773.7
2025-09-04,111705.72,112180.00,109329.12,110730.87,12203.1
2025-09-05,110730.87,113384.62,110206.96,110659.99,21587.4
2025-09-06,110660.00,111307.70,109977.00,110187.97,5000.3
2025-09-07,110187.98,111600.00,110180.00,111137.34,5681.3
2025-09-08,111137.35,112924.37,110621.78,112065.23,11582.4
2025-09-09,112065.23,113293.29,110766.66,111546.39,15379.3
2025-09-10,111546.38,114313.13,110917.45,113960.00,17517.4
2025-09-11,113960.00,115488.09,113430.00,115482.69,13676.7
2025-09-12,115482.69,116665.63,114740.99,116029.42,15324.1
2025-09-13,116029.41,116298.78,115127.27,115918.29,8269.4
2025-09-14,115918.29,116165.19,115135.00,115268.01,6707.6
2025-09-15,115268.01,116757.99,114384.00,115349.71,13212.5
2025-09-16,115349.71,116964.27,114737.11,116788.96,10926.9
2025-09-17,116788.96,117286.73,114720.81,116447.59,16754.2
2025-09-18,116447.60,117900.00,116092.76,117073.53,11657.2
2025-09-19,117073.53,117459.99,115100.00,115632.38,8992.1
2025-09-20,115632.39,116121.81,115408.47,115685.63,4674.9
2025-09-21,115685.63,115819.06,115188.00,115232.29,4511.5
2025-09-22,115232.29,115379.25,111800.00,112650.99,20781.7
2025-09-23,112650.99,113290.50,111458.73,111998.80,12301.3
2025-09-24,111998.80,113940.00,111042.66,113307.00,12369.3
2025-09-25,113307.01,113510.23,108631.51,108994.49,21231.1
2025-09-26,108994.49,110300.00,108620.07,109643.46,14243.0
2025-09-27,109643.46,109743.91,109064.40,109635.85,5501.8
2025-09-28,109635.85,112350.00,109189.99,112163.95,7542.3
2025-09-29,112163.96,114400.00,111560.65,114311.96,15541.1
2025-09-30,114311.97,114792.00,112656.27,114048.93,15044.2
2025-10-01,114048.94,118649.10,113966.67,118594.99,20036.4
2025-10-02,118594.99,121022.07,118279.31,120529.35,19670.8
2025-10-03,120529.35,123894.99,119248.30,122232.00,23936.3
2025-10-04,122232.21,122800.00,121510.00,122391.00,8208.2
2025-10-05,122390.99,125708.42,122136.00,123482.31,22043.1
2025-10-06,123482.32,126199.63,123084.00,124658.54,19494.6
2025-10-07,124658.54,125126.00,120574.94,121332.95,21634.0
2025-10-08,121332.96,124197.25,121066.14,123306.00,17012.6
2025-10-09,123306.01,123762.94,119651.47,121662.40,21559.4
2025-10-10,121662.41,122550.00,102000.00,112774.50,64171.9
2025-10-11,112774.49,113322.39,109561.59,110644.40,35448.5
2025-10-12,110644.40,115770.00,109565.06,114958.80,32255.3
2025-10-13,114958.81,115963.81,113616.50,115166.00,22557.2
2025-10-14,115166.00,115409.96,109866.00,113028.14,31870.3
2025-10-15,113028.13,113612.35,110164.00,110763.28,22986.5
2025-10-16,110763.28,111982.45,107427.00,108194.28,29857.2
2025-10-17,108194.27,109240.00,103528.23,106431.68,37920.7
2025-10-18,106431.68,107499.00,106322.20,107185.01,11123.2
2025-10-19,107185.00,109450.07,106103.36,108642.78,15480.7
2025-10-20,108642.77,111705.56,107402.52,110532.09,19193.4
2025-10-21,110532.09,114000.00,107473.72,108297.67,37228.0
2025-10-22,108297.66,109163.88,106666.69,107567.44,28610.8
2025-10-23,107567.45,111293.61,107500.00,110078.18,17573.1
2025-10-24,110078.19,112104.98,109700.01,111004.89,15005.2
2025-10-25,111004.90,111943.19,110672.86,111646.27,6408.0
2025-10-26,111646.27,115466.80,111260.45,114559.40,13454.5
2025-10-27,114559.41,116400.00,113830.01,114107.65,21450.2
2025-10-28,114107.65,116086.00,112211.00,112898.45,15523.4
2025-10-29,112898.44,113643.73,109200.00,110021.29,21079.7
2025-10-30,110021.30,111592.00,106304.34,108322.88,25988.8
2025-10-31,108322.87,111190.00,108275.28,109608.01,21518.2
2025-11-01,109608.01,110564.49,109394.81,110098.10,7378.5
2025-11-02,110098.10,111250.01,109471.34,110540.68,12107.0
2025-11-03,110540.69,110750.00,105306.56,106583.04,28681.2
2025-11-04,106583.05,107299.00,98944.36,101497.22,50534.9
2025-11-05,101497.23,104534.74,98966.80,103885.16,33778.8
2025-11-06,103885.16,104200.00,100300.95,101346.04,25814.6
2025-11-07,101346.04,104096.36,99260.86,103339.08,32059.5
2025-11-08,103339.09,103406.22,101454.00,102312.94,12390.8
2025-11-09,102312.95,105495.62,101400.00,104722.96,16339.0
2025-11-10,104722.95,106670.11,104265.02,106011.13,22682.3
2025-11-11,106011.13,107500.00,102476.09,103058.99,24196.5
2025-11-12,103059.00,105333.33,100813.59,101654.37,20457.6
2025-11-13,101654.37,104085.01,98000.40,99692.02,36198.5
2025-11-14,99692.03,99866.02,94012.45,94594.00,47288.1
2025-11-15,94594.00,96846.68,94558.49,95596.24,15110.9
2025-11-16,95596.23,96635.11,93005.55,94261.44,23889.4
2025-11-17,94261.45,96043.00,91220.00,92215.14,39218.6
2025-11-18,92215.14,93836.01,89253.78,92960.83,39835.1
2025-11-19,92960.83,92980.22,88608.00,91554.96,32286.6
2025-11-20,91554.96,93160.00,86100.00,86637.23,39733.2
2025-11-21,86637.22,87498.94,80600.00,85129.43,72256.1
2025-11-22,85129.42,85620.00,83500.00,84739.74,14193.9
2025-11-23,84739.75,88127.64,84667.57,86830.00,19734.5
2025-11-24,86830.00,89228.00,85272.00,88300.01,24663.1
2025-11-25,88300.01,88519.99,86116.00,87369.96,19567.0
2025-11-26,87369.97,90656.08,86306.77,90484.02,21675.8
2025-11-27,90484.01,91950.00,90089.91,91333.95,16833.5
2025-11-28,91333.94,93092.00,90180.63,90890.70,18830.9
2025-11-29,90890.71,91165.65,90155.47,90802.44,7429.9
2025-11-30,90802.44,92000.01,90336.90,90360.00,9687.7
2025-12-01,90360.01,90417.00,83822.76,86286.01,34509.0
2025-12-02,86286.01,92307.65,86184.39,91277.88,28210.2
2025-12-03,91277.88,94150.00,90990.23,93429.95,25712.5
2025-12-04,93429.95,94080.00,90889.00,92078.06,19803.9
2025-12-05,92078.06,92692.36,88056.00,89330.04,19793.0
2025-12-06,89330.04,90289.97,88908.01,89236.79,8409.5
2025-12-07,89236.80,91760.00,87719.28,90395.31,13021.1
2025-12-08,90395.32,92287.15,89612.00,90634.34,15793.6
2025-12-09,90634.35,94588.99,89500.00,92678.80,21240.4
2025-12-10,92678.81,94476.00,91563.15,92015.37,18998.7
2025-12-11,92015.38,93555.00,89260.63,92513.38,19972.6
2025-12-12,92513.38,92754.00,89480.00,90268.42,16679.2
2025-12-13,90268.43,90634.55,89766.39,90240.01,5895.7
2025-12-14,90240.00,90472.40,87577.36,88172.17,9416.9
2025-12-15,88172.16,90052.64,85146.64,86432.08,19778.7
2025-12-16,86432.08,88175.98,85266.00,87863.42,18456.1
2025-12-17,87863.43,90365.85,85314.00,86243.22,19834.1
2025-12-18,86243.23,89477.61,84450.01,85516.41,25405.4
2025-12-19,85516.41,89399.97,85110.24,88136.94,21256.7
2025-12-20,88136.95,88573.07,87795.76,88360.90,5123.1
2025-12-21,88360.91,89081.77,87600.04,88658.86,7132.9
2025-12-22,88658.87,90588.23,87900.00,88620.79,14673.2
2025-12-23,88620.79,88940.00,86601.90,87486.00,13910.3
2025-12-24,87486.00,88049.89,86420.00,87669.45,9140.8
2025-12-25,87669.44,88592.74,86934.72,87225.27,7096.6
2025-12-26,87225.27,89567.75,86655.08,87369.56,18344.6
2025-12-27,87369.56,87984.00,87253.05,87877.01,4469.6
2025-12-28,87877.00,88088.75,87435.00,87952.71,4446.3
2025-12-29,87952.71,90406.08,86806.50,87237.13,19895.0
2025-12-30,87237.13,89400.00,86845.66,88485.49,13105.9
2025-12-31,88485.50,89200.00,87250.00,87648.22,11558.6
2026-01-01,87648.21,88919.45,87550.43,88839.04,6279.6
2026-01-02,88839.05,90961.81,88379.88,89995.13,17397.0
2026-01-03,89995.14,90741.16,89314.01,90628.01,7057.5
2026-01-04,90628.01,91810.00,90628.00,91529.73,10426.5
2026-01-05,91529.74,94789.08,91514.81,93859.71,20673.6
2026-01-06,93859.71,94444.44,91262.94,93747.97,18546.4
2026-01-07,93747.97,93747.97,90675.52,91364.16,14276.5
2026-01-08,91364.16,91687.99,89311.00,91099.99,16132.8
2026-01-09,91100.00,92082.55,89694.66,90641.28,15590.3
2026-01-10,90641.27,90832.00,90404.00,90504.70,3104.1
2026-01-11,90504.70,91283.89,90236.00,91013.65,5477.1
2026-01-12,91013.66,92519.95,90128.44,91296.20,16188.1
2026-01-13,91296.20,96495.00,91042.66,95414.00,23021.5
2026-01-14,95413.99,97924.49,94559.28,96951.78,22851.9
2026-01-15,96951.78,97193.34,95134.48,95604.80,21725.8
2026-01-16,95604.81,95871.47,94293.46,95550.94,11167.7
2026-01-17,95550.94,95639.45,95021.67,95147.77,4280.8
2026-01-18,95147.77,95531.12,93615.40,93673.14,6895.2
2026-01-19,93673.14,93673.14,91910.20,92631.00,14295.5
2026-01-20,92630.99,92870.00,87895.98,88427.66,22007.3
2026-01-21,88427.66,90574.00,87263.53,89454.73,20617.5
2026-01-22,89454.73,90359.99,88515.37,89559.67,10825.5
2026-01-23,89559.68,91224.99,88578.36,89600.26,13918.5
2026-01-24,89600.26,89957.39,89162.08,89225.34,4226.6
2026-01-25,89225.34,89319.13,86074.72,86670.36,14426.2
2026-01-26,86670.36,88860.00,86509.63,88347.08,17766.5
2026-01-27,88347.08,89523.16,87304.33,89250.00,13125.4
2026-01-28,89249.99,90600.00,88833.65,89299.99,14332.2
2026-01-29,89300.00,89348.00,83383.33,84650.16,30431.4
2026-01-30,84650.16,84735.75,81118.00,84260.49,35195.8
2026-01-31,84260.50,84270.02,75719.90,78741.09,39491.9
2026-02-01,78741.10,79424.00,75700.00,76968.21,25395.5
2026-02-02,76968.22,79360.00,74604.00,78738.61,42273.6
2026-02-03,78738.60,79186.81,72945.50,75770.21,39120.1
2026-02-04,75770.21,76971.52,71888.00,73165.83,38375.4
2026-02-05,73165.84,73341.18,62345.00,62909.86,106298.8
2026-02-06,62909.87,71751.33,60000.00,70580.26,92539.2
2026-02-07,70580.26,71690.07,67300.00,69289.38,44255.5
2026-02-08,69289.37,72271.41,68888.00,70330.38,21420.5
2026-02-09,70330.38,71453.53,68308.00,70138.00,29152.7
2026-02-10,70138.00,70527.59,67800.00,68841.29,20373.8
2026-02-11,68841.28,69292.88,65756.00,67082.52,28718.2
2026-02-12,67082.52,68410.52,65118.00,66272.17,24271.7
2026-02-13,66272.17,69482.97,65872.46,68853.96,20244.5
2026-02-14,68853.97,70560.01,68730.13,69822.95,18114.8
2026-02-15,69822.94,70983.00,68000.00,68832.58,22290.1
2026-02-16,68832.59,70126.67,67294.11,68892.43,15515.8
2026-02-17,68892.43,69241.50,66621.06,67503.52,16489.1
2026-02-18,67503.52,68476.22,65870.00,66461.00,15492.4
2026-02-19,66461.00,67320.00,65631.83,67003.73,14542.3
2026-02-20,67003.73,68318.39,66280.20,68020.01,35351.9
2026-02-21,68020.00,68698.70,67534.69,67975.93,8032.8
2026-02-22,67975.93,68245.00,67190.00,67643.40,8175.1
2026-02-23,67643.39,67684.86,63888.79,64656.02,33075.9
2026-02-24,64656.01,65026.75,62510.28,64058.15,23102.8
2026-02-25,64058.15,69988.83,63913.27,67988.04,30750.0
2026-02-26,67988.04,68860.00,66500.00,67485.18,20737.8
2026-02-27,67485.19,68216.80,64914.46,65872.10,21228.6
2026-02-28,65872.09,67760.00,63030.00,66973.26,22548.7
2026-03-01,66973.26,68199.99,65056.00,65776.47,23201.9
2026-03-02,65776.48,70096.00,65259.21,68830.06,32010.4
2026-03-03,68830.06,69258.08,66158.00,68338.00,24972.2
2026-03-04,68338.01,74050.00,67400.00,72666.77,44919.1
2026-03-05,72666.77,73558.15,70645.47,70890.72,26590.5
2026-03-06,70891.02,71419.98,67744.78,68114.02,22629.9
2026-03-07,68114.02,68551.04,66915.26,67262.91,12719.5
2026-03-08,67262.91,68200.00,65618.49,65971.20,21593.6
2026-03-09,65971.20,69516.65,65821.97,68432.16,28896.7
2026-03-10,68432.16,71777.00,68391.41,69948.63,32602.6
2026-03-11,69948.64,71321.00,68977.91,70191.86,27249.3
2026-03-12,70191.86,70800.00,69205.91,70541.34,21997.2
2026-03-13,70541.34,73913.74,70386.01,70930.00,35996.6
2026-03-14,70930.01,71307.92,70317.00,71211.95,13017.2
2026-03-15,71211.95,73199.00,70858.82,72815.24,14037.3
2026-03-16,72815.25,74909.08,72270.41,74884.67,28409.5
2026-03-17,74884.67,76000.00,73399.19,73909.36,24521.3
2026-03-18,73909.37,74672.34,70500.00,71246.54,23392.9
2026-03-19,71246.55,71613.79,68793.35,69930.00,22364.8
2026-03-20,69930.01,71367.00,69388.00,70510.73,18121.2
2026-03-21,70510.73,71100.94,68571.42,68918.12,13397.2
2026-03-22,68918.12,69588.79,67360.66,67859.00,14843.8
2026-03-23,67859.00,71817.09,67445.18,70906.45,28335.1
2026-03-24,70906.45,71400.00,68923.07,70556.74,20702.4
2026-03-25,70556.74,72026.09,70408.00,71336.53,17719.5
2026-03-26,71336.53,71436.82,68153.00,68820.31,20820.5
2026-03-27,68820.31,69179.05,65548.25,66407.28,28603.7
2026-03-28,66407.28,67288.94,65932.09,66377.03,11462.4
2026-03-29,66377.04,67130.50,65000.00,66010.93,10052.9
2026-03-30,66010.93,68169.65,65800.59,66797.37,18353.4
2026-03-31,66797.38,68589.49,65998.05,68284.48,22105.4
2026-04-01,68284.49,69310.00,67578.75,68113.92,19020.2
2026-04-02,68113.92,68653.38,65712.12,66901.99,20203.5
2026-04-03,66901.99,67370.42,66282.00,66964.30,11429.1
2026-04-04,66964.29,67562.93,66775.91,67300.42,7373.5
2026-04-05,67300.42,69136.20,66611.66,69034.18,11733.5
2026-04-06,69034.18,70351.46,68300.00,68853.66,20281.6
2026-04-07,68853.66,72761.00,67732.01,71924.22,23750.5
2026-04-08,71924.22,72857.00,70707.23,71069.93,19802.7
2026-04-09,71069.93,73145.00,70466.00,71787.97,18158.4
2026-04-10,71787.98,73434.00,71426.15,72962.70,17372.6
2026-04-11,72962.71,73790.00,72513.09,73043.16,9070.9
2026-04-12,73043.16,73137.24,70505.88,70740.98,13472.5
2026-04-13,70741.56,74900.00,70566.99,74417.99,24230.2
2026-04-14,74418.00,76038.00,73795.47,74131.55,26532.9
2026-04-15,74131.55,75425.00,73514.00,74809.99,14425.0
2026-04-16,74809.99,75534.76,73309.85,75154.29,17088.7
2026-04-17,75154.28,78333.00,74529.40,77072.00,25941.4
2026-04-18,77072.01,77420.08,75445.16,75691.76,9141.8
2026-04-19,75691.76,76240.66,73762.90,73801.79,11369.8
2026-04-20,73801.80,76558.62,73724.31,75840.97,16993.4
2026-04-21,75840.97,76927.57,74821.57,76336.15,14912.6
2026-04-22,76336.14,79472.82,76132.95,78178.23,19737.5
2026-04-23,78178.22,78662.50,76960.00,78257.48,16970.8
2026-04-24,78257.48,78581.93,77264.08,77437.13,12675.1
2026-04-25,77437.13,77885.35,77140.23,77625.00,5685.1
2026-04-26,77625.00,78961.00,77326.51,78657.55,7963.6
2026-04-27,78657.55,79485.66,76459.64,77371.32,16046.9
2026-04-28,77371.32,77478.00,75666.60,76342.77,13210.7
2026-04-29,76342.78,77904.93,74937.52,75780.00,18279.9
2026-04-30,75780.00,76669.14,75323.65,76346.57,10381.8
2026-05-01,76346.58,78914.12,76320.42,78231.13,17315.5
2026-05-02,78231.13,79199.48,78040.00,78686.85,6150.9
2026-05-03,78686.84,79447.00,78084.08,78568.57,7425.8
2026-05-04,78568.58,80776.99,78202.00,79861.01,26043.0
2026-05-05,79861.01,81791.48,79808.72,80905.52,16947.2
2026-05-06,80905.53,82850.00,80731.14,81447.01,18798.8
2026-05-07,81447.01,81708.32,79500.00,80006.00,16154.8
2026-05-08,80006.00,80500.00,79181.48,80193.17,16001.3
2026-05-09,80193.18,81080.00,80129.85,80678.40,7548.4
2026-05-10,80678.41,82479.32,80279.77,82210.07,12034.3
2026-05-11,82210.07,82380.00,80462.97,81745.65,12951.8
2026-05-12,81745.66,81788.00,79843.59,80504.47,12386.3
2026-05-13,80504.47,81324.64,78754.65,79313.61,14810.1
2026-05-14,79313.61,82048.13,78922.00,81089.99,19727.9
2026-05-15,81090.00,81664.45,78659.00,79113.21,17351.3
2026-05-16,79113.20,79227.77,77640.00,78148.05,12132.9
2026-05-17,78148.05,78599.99,76735.16,77457.67,8442.7
2026-05-18,77457.67,77800.00,76051.00,77001.87,18745.5
2026-05-19,77001.88,77414.62,76144.71,76834.36,11024.9
2026-05-20,76834.36,77853.04,76516.74,77552.23,11296.3
2026-05-21,77552.24,78200.00,76719.47,77615.52,11318.3
2026-05-22,77615.52,77900.00,75359.18,75539.50,11272.4
2026-05-23,75539.50,77404.18,74289.60,76752.01,15086.9
2026-05-24,76752.00,77543.15,76629.02,77118.72,3882.1
2026-05-25,77064.96,77905.52,76914.25,77322.01,7672.3
2026-05-26,77322.01,78080.00,75677.97,75930.01,16953.5
2026-05-27,75930.01,76174.15,74243.99,74449.30,16877.8
2026-05-28,74449.31,74590.77,72582.82,73617.51,21274.0
2026-05-29,73617.52,74514.10,72512.49,73460.78,18686.7
2026-05-30,73460.78,74143.76,73216.00,73884.38,7515.4
2026-05-31,73884.38,74275.66,73400.00,73674.39,6986.5
2026-06-01,73674.39,74092.00,70686.68,71408.90,23921.1
2026-06-02,71408.90,71408.90,66193.00,66760.83,32858.2
2026-06-03,66760.84,67516.00,64092.49,64142.75,30138.3
2026-06-04,64142.75,64764.32,61383.56,63885.99,43577.2
2026-06-05,63885.99,63978.00,59130.91,61056.47,55027.3
2026-06-06,61056.47,61530.05,59500.00,60884.62,19795.6
2026-06-07,60884.62,64234.68,60746.00,63332.01,26612.1
2026-06-08,63332.01,64200.00,62408.00,63085.99,23053.4
2026-06-09,63086.00,63526.01,60780.00,61730.00,21636.2
2026-06-10,61730.00,62857.99,60755.00,61510.99,15998.7
2026-06-11,61510.99,63933.02,61510.99,63625.99,17380.9
2026-06-12,63626.00,64394.44,62829.81,63580.01,16397.1
2026-06-13,63580.00,64762.77,63418.66,64458.01,9960.7
2026-06-14,64458.01,65800.00,63678.83,65746.45,13203.0
2026-06-15,65746.45,67292.15,65354.00,66328.74,18559.8
2026-06-16,66328.74,66992.00,65360.92,65675.01,14302.1
2026-06-17,65675.02,66445.93,63915.77,64509.40,19048.7
2026-06-18,64509.40,64806.00,62272.07,62958.01,16935.6
2026-06-19,62958.01,63666.00,62316.44,63543.91,14247.4
2026-06-20,63543.90,64388.00,63184.21,64298.01,9522.1
2026-06-21,64298.01,64588.00,63270.00,63311.99,8034.7
2026-06-22,63312.00,65622.83,63312.00,64020.01,15423.1
2026-06-23,64020.01,64275.38,61938.00,62734.57,20223.0
2026-06-24,62734.57,63239.06,59102.70,61077.99,30678.3
2026-06-25,61078.00,61962.40,58115.01,59794.00,30386.0
2026-06-26,59794.64,60759.99,58337.00,60097.27,27403.6
2026-06-27,60097.27,60941.17,59855.16,60029.00,9587.2
2026-06-28,60029.01,60545.01,58905.00,59577.01,8907.1
2026-06-29,59577.01,60780.57,58900.01,60260.21,20203.1
2026-06-30,60260.20,60276.54,58201.00,58624.71,19639.8
2026-07-01,58624.71,61334.00,57800.19,60024.00,25093.4
2026-07-02,60024.00,62200.00,59588.00,61560.00,21382.1
2026-07-03,61560.00,62979.86,61248.86,62583.26,14049.0
2026-07-04,62583.26,63461.99,62328.24,63144.01,9139.8
2026-07-05,63144.01,63999.00,62436.59,63650.00,9172.1
2026-07-06,63650.01,64700.00,61306.84,64042.02,21435.3
2026-07-07,64042.93,64314.00,62671.39,63363.99,16834.2
2026-07-08,63364.00,63761.99,61544.56,62290.00,18620.1
2026-07-09,62290.01,63500.00,61705.29,63230.00,16742.8
2026-07-10,63230.01,64692.83,62926.01,64125.58,12625.3
