,Buy & Hold,SMA 20/60 crossover,RSI reversion (30/60)
2023-08-29,10000.0,10000.0,10000.0
2023-08-30,9835.014464305215,10000.0,10000.0
2023-08-31,9345.349449408568,10000.0,9487.874638731393
2023-09-01,9296.451757019666,10000.0,9438.231211482289
2023-09-02,9319.673927883798,10000.0,9461.807541847553
2023-09-03,9356.312072110952,10000.0,9499.004451530262
2023-09-04,9304.006347820485,10000.0,9445.901016753149
2023-09-05,9291.78642793666,10000.0,9433.494731832427
2023-09-06,9280.204163070357,10000.0,9421.735826755741
2023-09-07,9458.549426587095,10000.0,9602.801019857257
2023-09-08,9334.440865266994,10000.0,9476.799688631174
2023-09-09,9331.238179896498,10000.0,9473.548159358024
2023-09-10,9309.622755573695,10000.0,9451.6030798992
2023-09-11,9064.975780517476,10000.0,9203.225013070982
2023-09-12,9309.078767394903,10000.0,9451.050795399486
2023-09-13,9446.660943209552,10000.0,9590.731226154903
2023-09-14,9555.001052486168,10000.0,9700.723621915775
2023-09-15,9582.83811644322,10000.0,9728.985226745497
2023-09-16,9568.308948727574,10000.0,9714.234475835925
2023-09-17,9556.72308129055,10000.0,9702.471913245994
2023-09-18,9641.383493221534,10000.0,9788.423474459723
2023-09-19,9802.68859723046,10000.0,9952.1886299212
2023-09-20,9771.973079267756,10000.0,9921.004672010211
2023-09-21,9571.338710703489,10000.0,9717.310444473404
2023-09-22,9575.683410992371,10000.0,9721.721405444627
2023-09-23,9574.177536431216,10000.0,9720.192564908995
2023-09-24,9456.164524770145,10000.0,9600.3797460903
2023-09-25,9476.493831345744,10000.0,9621.019093321325
2023-09-26,9446.542058375777,10000.0,9590.61052821788
2023-09-27,9501.05615851789,10000.0,9645.956018613037
2023-09-28,9734.646844032994,10000.0,9883.109177298065
2023-09-29,9693.422627278685,10000.0,9841.256253256843
2023-09-30,9713.452920484486,10000.0,9861.592026888688
2023-10-01,10084.521307263345,10000.0,10238.319548445083
2023-10-02,9905.091669959746,10000.0,10222.970840310993
2023-10-03,9880.576176206965,10000.0,10222.970840310993
2023-10-04,10007.426293845343,10000.0,10222.970840310993
2023-10-05,9874.786845059174,10000.0,10222.970840310993
2023-10-06,10062.372702473911,10000.0,10222.970840310993
2023-10-07,10071.588078376866,10000.0,10222.970840310993
2023-10-08,10057.314693182374,10000.0,10222.970840310993
2023-10-09,9939.535848618134,10000.0,10222.970840310993
2023-10-10,9867.484434208787,10000.0,10222.970840310993
2023-10-11,9682.096144933537,10000.0,10222.970840310993
2023-10-12,9640.34595285404,10000.0,10222.970840310993
2023-10-13,9677.225469319465,10000.0,10222.970840310993
2023-10-14,9673.795821993579,10000.0,10222.970840310993
2023-10-15,9782.47457291792,10000.0,10222.970840310993
2023-10-16,10267.607553848216,10000.0,10222.970840310993
2023-10-17,10229.827394702676,10000.0,10222.970840310993
2023-10-18,10202.480280363608,10000.0,10222.970840310993
2023-10-19,10344.31709219913,10000.0,10222.970840310993
2023-10-20,10688.48148083754,10000.0,10222.970840310993
2023-10-21,10775.216973503511,10000.0,10222.970840310993
2023-10-22,10804.995823078894,10000.0,10222.970840310993
2023-10-23,11913.697770014891,10000.0,10222.970840310993
2023-10-24,12220.903385632027,10000.0,10222.970840310993
2023-10-25,12427.445970177863,10000.0,10222.970840310993
2023-10-26,12303.377037135688,10000.0,10222.970840310993
2023-10-27,12209.83989094947,10000.0,10222.970840310993
2023-10-28,12277.921272424863,10040.68629980223,10222.970840310993
2023-10-29,12438.196041207735,10171.756424737501,10222.970840310993
2023-10-30,12419.765289401827,10156.68405270916,10222.970840310993
2023-10-31,12479.222116572417,10205.306888509733,10222.970840310993
2023-11-01,12760.820659508472,10435.593642217178,10222.970840310993
2023-11-02,12587.954906057565,10294.226812778572,10222.970840310993
2023-11-03,12506.965513690737,10227.994991908923,10222.970840310993
2023-11-04,12631.358678097757,10329.721718602937,10222.970840310993
2023-11-05,12613.277375651729,10314.935120633774,10222.970840310993
2023-11-06,12625.601770086449,10325.013811937322,10222.970840310993
2023-11-07,12752.78332423111,10429.020838856111,10222.970840310993
2023-11-08,12834.057319684853,10495.485403547153,10222.970840310993
2023-11-09,13221.827224323799,10812.59738713091,10222.970840310993
2023-11-10,13438.176006370746,10989.523937128952,10222.970840310993
2023-11-11,13376.345085095367,10938.959605400569,10222.970840310993
2023-11-12,13352.614951759646,10919.55348449543,10222.970840310993
2023-11-13,13136.028400045148,10742.432490292178,10222.970840310993
2023-11-14,12807.567617177257,10473.822551411815,10222.970840310993
2023-11-15,13638.6842849598,11153.496378485746,10222.970840310993
2023-11-16,13028.160227532915,10654.219635860478,10222.970840310993
2023-11-17,13190.423615353486,10786.916021421168,10222.970840310993
2023-11-18,13173.916636312304,10773.416879780461,10222.970840310993
2023-11-19,13459.15377567603,11006.67921905253,10222.970840310993
2023-11-20,13491.187834522425,11032.876156518521,10222.970840310993
2023-11-21,12876.182179119278,10529.934435237416,10222.970840310993
2023-11-22,13476.619038528854,11020.962029762732,10222.970840310993
2023-11-23,13435.528116891204,10987.358535752715,10222.970840310993
2023-11-24,13586.58030462968,11110.886582425173,10222.970840310993
2023-11-25,13610.753554164015,11130.655076621844,10222.970840310993
2023-11-26,13490.701487475162,11032.47842973513,10222.970840310993
2023-11-27,13416.946057115032,10972.162426502873,10222.970840310993
2023-11-28,13624.515374316203,11141.909271529637,10222.970840310993
2023-11-29,13637.401769783313,11152.447558227324,10222.970840310993
2023-11-30,13590.323375608246,11113.94760559512,10222.970840310993
2023-12-01,13935.651394589366,11396.351298548332,10222.970840310993
2023-12-02,14212.267582219012,11622.563562319265,10222.970840310993
2023-12-03,14400.289350690928,11776.324736778048,10222.970840310993
2023-12-04,15127.590738021761,12371.100099281868,10222.970840310993
2023-12-05,15877.72521857892,12984.547997734795,10222.970840310993
2023-12-06,15765.818564289042,12893.032537938794,10222.970840310993
2023-12-07,15589.454714668562,12748.805021784097,10222.970840310993
2023-12-08,15912.911526805725,13013.32279398202,10222.970840310993
2023-12-09,15748.133544622267,12878.570013644985,10222.970840310993
2023-12-10,15775.480658961336,12900.93404336882,10222.970840310993
2023-12-11,14861.829095972884,12153.76450809135,10222.970840310993
2023-12-12,14947.926933621333,12224.173933248761,10222.970840310993
2023-12-13,15443.871229283754,12629.74919183154,10222.970840310993
2023-12-14,15499.073420433477,12674.89265480853,10222.970840310993
2023-12-15,15109.289678761788,12356.1337877291,10222.970840310993
2023-12-16,15230.959299704133,12455.633244436127,10222.970840310993
2023-12-17,14905.510265958552,12189.486265488464,10222.970840310993
2023-12-18,15367.774127955323,12567.518207790368,10222.970840310993
2023-12-19,15230.224375277156,12455.032235074557,10222.970840310993
2023-12-20,15732.04086121394,12865.40967630124,10222.970840310993
2023-12-21,15801.523642699594,12922.231576088303,10222.970840310993
2023-12-22,15840.157611105886,12953.825813311118,10222.970840310993
2023-12-23,15744.012203718054,12875.19964742129,10222.970840310993
2023-12-24,15487.991912897318,12665.830376395867,10222.970840310993
2023-12-25,15698.609004928001,12838.06964259854,10222.970840310993
2023-12-26,15314.142657639724,12523.659255017516,10222.970840310993
2023-12-27,15645.55034335696,12794.679123592794,10222.970840310993
2023-12-28,15333.895552900047,12539.812854671816,10222.970840310993
2023-12-29,15154.916236936506,12393.446452259774,10222.970840310993
2023-12-30,15181.333888029694,12415.050381908684,10222.970840310993
2023-12-31,15232.958726453993,12457.26834343451,10222.970840310993
2024-01-01,15915.995327342445,13015.84467640115,10222.970840310993
2024-01-02,16192.44219414823,13241.918472328976,10222.970840310993
2024-01-03,15435.297110969042,12622.737415946583,10222.970840310993
2024-01-04,15905.746013642714,13007.462952706734,10222.970840310993
2024-01-05,15903.588073781155,13005.69822423821,10222.970840310993
2024-01-06,15839.898226014013,12953.613692359975,10222.970840310993
2024-01-07,15825.740123082574,12942.035423776828,10222.970840310993
2024-01-08,16914.44419994926,13832.360085956001,10222.970840310993
2024-01-09,16611.453592075068,13584.579246028015,10222.970840310993
2024-01-10,16807.429836697775,13744.845462988475,10222.970840310993
2024-01-11,16694.010102705302,13652.09263097748,10222.970840310993
2024-01-12,15412.781043966123,12604.324138937762,10222.970840310993
2024-01-13,15436.29142048789,12623.55054625929,10222.970840310993
2024-01-14,15034.374220629668,12294.869132465348,10222.970840310993
2024-01-15,15314.924415486064,12524.298563995262,10222.970840310993
2024-01-16,15540.751561098561,12708.976367082936,10222.970840310993
2024-01-17,15410.39253957845,12602.370858512664,10222.970840310993
2024-01-18,14888.524145011546,12175.595289313007,10222.970840310993
2024-01-19,15007.960172107201,12273.26814894076,10222.970840310993
2024-01-20,15021.293286343653,12284.171755054304,10222.970840310993
2024-01-21,14979.607940537124,12250.082150531252,10222.970840310993
2024-01-22,14254.659031886751,11657.230607209312,10222.970840310993
2024-01-23,14373.392557691915,11754.32897259439,10222.970840310993
2024-01-24,14440.86150214483,11809.503988885783,10222.970840310993
2024-01-25,14396.265279196163,11773.03391591103,10222.970840310993
2024-01-26,15067.21525531745,12321.726001779336,10222.970840310993
2024-01-27,15174.254836563974,12409.26124761711,10222.970840310993
2024-01-28,15141.986610620748,12382.872812070229,10222.970840310993
2024-01-29,15600.103913718262,12364.301752581923,10222.970840310993
2024-01-30,15469.834956466162,12364.301752581923,10222.970840310993
2024-01-31,15339.746127750086,12364.301752581923,10222.970840310993
2024-02-01,15520.933819565273,12364.301752581923,10222.970840310993
2024-02-02,15563.105512419063,12364.301752581923,10222.970840310993
2024-02-03,15495.049348938712,12364.301752581923,10222.970840310993
2024-02-04,15340.78366811758,12364.301752581923,10222.970840310993
2024-02-05,15386.1112129225,12364.301752581923,10222.970840310993
2024-02-06,15526.70153528874,12364.301752581923,10222.970840310993
2024-02-07,15977.257042443993,12364.301752581923,10222.970840310993
2024-02-08,16315.556445949482,12364.301752581923,10222.970840310993
2024-02-09,16979.91371765231,12364.301752581923,10222.970840310993
2024-02-10,17202.667870440247,12364.301752581923,10222.970840310993
2024-02-11,17400.4129772867,12364.301752581923,10222.970840310993
2024-02-12,17983.04953476645,12759.148308995811,10222.970840310993
2024-02-13,17904.628775323315,12703.508018493101,10222.970840310993
2024-02-14,18659.57629036302,13239.150612997279,10222.970840310993
2024-02-15,18690.136897784745,13260.833660789198,10222.970840310993
2024-02-16,18778.079251642073,13323.22961500923,10222.970840310993
2024-02-17,18604.62627916373,13200.16304633806,10222.970840310993
2024-02-18,18782.964337539026,13326.695630900522,10222.970840310993
2024-02-19,18652.212635810385,13233.92602857117,10222.970840310993
2024-02-20,18826.60948181749,13357.66228467856,10222.970840310993
2024-02-21,18679.109428809395,13253.009564444617,10222.970840310993
2024-02-22,18477.016019103336,13109.62232738423,10222.970840310993
2024-02-23,18280.93890250046,12970.503708715038,10222.970840310993
2024-02-24,18577.815947862015,13181.140855878619,10222.970840310993
2024-02-25,18635.68404134488,13222.19883026051,10222.970840310993
2024-02-26,19625.533577641938,13924.506690381128,10222.970840310993
2024-02-27,20548.105105734267,14579.080150228952,10222.970840310993
2024-02-28,22491.605547729123,15958.012590473347,10222.970840310993
2024-02-29,22022.867866147673,15625.438652679863,10222.970840310993
2024-03-01,22475.68218514466,15946.714810060725,10222.970840310993
2024-03-02,22331.355996941293,15844.313977732556,10222.970840310993
2024-03-03,22737.254037445633,16132.30257983885,10222.970840310993
2024-03-04,24585.999664350762,17444.005558451387,10222.970840310993
2024-03-05,22957.025261677027,16288.232398004384,10222.970840310993
2024-03-06,23803.640188699017,16888.913911648648,10222.970840310993
2024-03-07,24073.519569081393,17080.395953289106,10222.970840310993
2024-03-08,24542.22122495564,17412.944330493425,10222.970840310993
2024-03-09,24610.33863213824,17461.27429249385,10222.970840310993
2024-03-10,24841.84342920619,17625.52919455167,10222.970840310993
2024-03-11,25966.645264691957,18423.587021698724,10222.970840310993
2024-03-12,25741.091914454213,18263.554728971594,10222.970840310993
2024-03-13,26324.852473998748,18677.738515863322,10222.970840310993
2024-03-14,25718.370500920228,18247.433665382814,10222.970840310993
2024-03-15,25037.812468687454,17764.57113145336,10222.970840310993
2024-03-16,23525.013766607353,16691.225758957997,10222.970840310993
2024-03-17,24639.234851887104,17481.776441066166,10222.970840310993
2024-03-18,24356.97703850921,17281.511780987297,10222.970840310993
2024-03-19,22313.386374187605,15831.564355855144,10222.970840310993
2024-03-20,24440.02349875742,17340.434051139284,10222.970840310993
2024-03-21,23597.295745542808,16742.510525066336,10222.970840310993
2024-03-22,22983.19073281978,16306.797053917704,10222.970840310993
2024-03-23,23052.85364284146,16356.223565193473,10222.970840310993
2024-03-24,24212.874209690515,17179.269424311977,10222.970840310993
2024-03-25,25174.76779719674,17861.74226723758,10222.970840310993
2024-03-26,25213.67195840707,17889.345147481003,10222.970840310993
2024-03-27,25027.05519251614,17756.938739527544,10222.970840310993
2024-03-28,25499.211713711316,18091.938377233153,10222.970840310993
2024-03-29,25164.151021283524,17854.209561609525,10222.970840310993
2024-03-30,25067.47243342906,17785.61516451605,10222.970840310993
2024-03-31,25679.127698062173,18219.590515601205,10222.970840310993
2024-04-01,25091.833016640863,17802.899234912016,10222.970840310993
2024-04-02,23583.865361896907,16732.9815374242,10222.970840310993
2024-04-03,23763.738115399123,16860.603003085253,10222.970840310993
2024-04-04,24673.21069635183,17505.882632711287,10222.970840310993
2024-04-05,24432.857985594408,17335.350049953602,10222.970840310993
2024-04-06,24820.27123573203,17610.223513757373,10222.970840310993
2024-04-07,24987.571017419818,17728.924333798503,10222.970840310993
2024-04-08,25801.611499987346,18306.49396271631,10222.970840310993
2024-04-09,24910.335503743718,17674.12498667945,10222.970840310993
2024-04-10,25445.346076298887,18053.720184307916,10222.970840310993
2024-04-11,25220.23944483048,17894.00484288648,10222.970840310993
2024-04-12,24179.200981166305,17155.377941615872,10222.970840310993
2024-04-13,23029.256804622397,16339.481379287889,10222.970840310993
2024-04-14,23655.142223601353,16783.553163094726,10222.970840310993
2024-04-15,22847.499906633377,16210.523094813305,10222.970840310993
2024-04-16,22982.019897335627,16305.966334769717,10222.970840310993
2024-04-17,22075.605898924598,15662.856799164112,10222.970840310993
2024-04-18,22865.545183372196,16223.326393927973,10222.970840310993
2024-04-19,22990.88942644942,16312.259351823084,10222.970840310993
2024-04-20,23395.306810387643,16599.197413714537,10222.970840310993
2024-04-21,23395.50855434799,16599.340553013884,10222.970840310993
2024-04-22,24072.132579354016,17079.41187060611,10222.970840310993
2024-04-23,23926.113182912028,16975.809690587004,10222.970840310993
2024-04-24,23160.77945648522,16432.79797822545,10222.970840310993
2024-04-25,23235.983120274974,16486.155708115388,10222.970840310993
2024-04-26,22973.597086991176,16461.432165404964,10222.970840310993
2024-04-27,22862.62710108862,16461.432165404964,10222.970840310993
2024-04-28,22738.92923283065,16461.432165404964,10222.970840310993
2024-04-29,23008.178163336943,16461.432165404964,10222.970840310993
2024-04-30,21857.51707521966,16461.432165404964,10222.970840310993
2024-05-01,21026.393202295676,16461.432165404964,10222.970840310993
2024-05-02,21277.00243189427,16461.432165404964,10222.970840310993
2024-05-03,22653.688807013674,16461.432165404964,10222.970840310993
2024-05-04,23017.559257493038,16461.432165404964,10222.970840310993
2024-05-05,23060.775695855766,16461.432165404964,10222.970840310993
2024-05-06,22755.706404675868,16461.432165404964,10222.970840310993
2024-05-07,22448.367493942074,16461.432165404964,10222.970840310993
2024-05-08,22045.221817468173,16461.432165404964,10222.970840310993
2024-05-09,22722.858164846646,16461.432165404964,10222.970840310993
2024-05-10,21903.62637787092,16461.432165404964,10222.970840310993
2024-05-11,21912.99306174414,16461.432165404964,10222.970840310993
2024-05-12,22150.04221515089,16461.432165404964,10222.970840310993
2024-05-13,22674.608935187425,16461.432165404964,10222.970840310993
2024-05-14,22183.726251387263,16461.432165404964,10222.970840310993
2024-05-15,23851.35984046233,16461.432165404964,10222.970840310993
2024-05-16,23501.445748954055,16461.432165404964,10222.970840310993
2024-05-17,24145.86999686054,16461.432165404964,10222.970840310993
2024-05-18,24106.674027421854,16461.432165404964,10222.970840310993
2024-05-19,23875.680795396205,16461.432165404964,10222.970840310993
2024-05-20,25739.15012883588,16461.432165404964,10222.970840310993
2024-05-21,25271.43557733904,16461.432165404964,10222.970840310993
2024-05-22,24917.76400456932,16461.432165404964,10222.970840310993
2024-05-23,24486.547097041534,16461.432165404964,10222.970840310993
2024-05-24,24695.61868623314,16461.432165404964,10222.970840310993
2024-05-25,24962.417868649514,16461.432165404964,10222.970840310993
2024-05-26,24680.37260694412,16461.432165404964,10222.970840310993
2024-05-27,25014.96496517825,16461.432165404964,10222.970840310993
2024-05-28,24641.003714110855,16191.031106462122,10222.970840310993
2024-05-29,24372.26274607615,16014.447659476196,10222.970840310993
2024-05-30,24624.352632240854,16180.0900673859,10222.970840310993
2024-05-31,24331.766248607375,15987.838351761828,10222.970840310993
2024-06-01,24413.48696283046,16041.535134627478,10222.970840310993
2024-06-02,24413.047449202564,16041.246340432908,10222.970840310993
2024-06-03,24789.253101828806,16288.442335156542,10222.970840310993
2024-06-04,25411.755706901247,16697.474335618837,10222.970840310993
2024-06-05,25617.159879099414,16832.44064543491,10222.970840310993
2024-06-06,25505.862059261297,16759.309433574068,10222.970840310993
2024-06-07,24985.845386044715,16417.618558088056,10222.970840310993
2024-06-08,24969.583381812525,16406.933172888992,10222.970840310993
2024-06-09,25091.234989901266,16486.867618480912,10222.970840310993
2024-06-10,25052.27679013013,16461.26909044754,10222.970840310993
2024-06-11,24250.431009451386,15934.394855607812,10222.970840310993
2024-06-12,24592.585163627777,16159.21640174892,10222.970840310993
2024-06-13,24055.449074347525,15806.276755667877,10222.970840310993
2024-06-14,23792.81446368402,15633.705654254045,10222.970840310993
2024-06-15,23859.195431779346,15677.323046296118,10222.970840310993
2024-06-16,24020.813959440955,15783.518826269608,10222.970840310993
2024-06-17,23958.65520423001,15742.675752227824,10222.970840310993
2024-06-18,23479.869952909175,15428.077086224146,10222.970840310993
2024-06-19,23407.476294281387,15380.508894913744,10222.970840310993
2024-06-20,23369.872661101144,15355.800421119367,10222.970840310993
2024-06-21,23108.171116254234,15183.84241557761,10222.970840310993
2024-06-22,23150.843566438172,15211.88149127165,10222.970840310993
2024-06-23,22771.853126645005,14962.8556775939,10222.970840310993
2024-06-24,21721.087722035565,14272.422140510218,10222.970840310993
2024-06-25,22266.052197491383,14630.505637286331,10463.745558344746
2024-06-26,21927.04308755396,14407.750626652263,10304.431054054408
2024-06-27,22230.19220853985,14606.942871608115,10446.893455565782
2024-06-28,21769.556708508728,14585.037397156173,10230.42164346747
2024-06-29,21970.88277065133,14585.037397156173,10325.033147556238
2024-06-30,22614.060529088532,14585.037397156173,10627.289171811479
2024-07-01,22660.166229169074,14585.037397156173,10648.956161098717
2024-07-02,22384.742492447902,14585.037397156173,10519.523072726475
2024-07-03,21690.566742891762,14585.037397156173,10193.300967806275
2024-07-04,20552.669562837098,14585.037397156173,9658.555676721784
2024-07-05,20400.922078949574,14585.037397156173,9587.243212058784
2024-07-06,20977.816138700895,14585.037397156173,9858.34976484224
2024-07-07,20123.171081542976,14585.037397156173,9456.716446933959
2024-07-08,20431.842943443346,14585.037397156173,9601.77421448513
2024-07-09,20912.923032313116,14585.037397156173,9827.853790625095
2024-07-10,20796.145702409165,14585.037397156173,9772.975258218012
2024-07-11,20657.10088288201,14585.037397156173,9707.632304746356
2024-07-12,20854.957669420794,14585.037397156173,9800.613451694662
2024-07-13,21328.66689859649,14585.037397156173,10023.229153785423
2024-07-14,21902.87704316107,14585.037397156173,10293.074423007465
2024-07-15,23317.32916714313,14585.037397156173,10957.78440385787
2024-07-16,23432.557391637278,14585.037397156173,10941.339682468937
2024-07-17,23088.151630760596,14585.037397156173,10941.339682468937
2024-07-18,23052.10070556088,14585.037397156173,10941.339682468937
2024-07-19,24014.736422635528,14585.037397156173,10941.339682468937
2024-07-20,24187.64540693508,14585.037397156173,10941.339682468937
2024-07-21,24557.045803470362,14585.037397156173,10941.339682468937
2024-07-22,24328.884192031,14585.037397156173,10941.339682468937
2024-07-23,23753.913905044406,14585.037397156173,10941.339682468937
2024-07-24,23552.166342127515,14585.037397156173,10941.339682468937
2024-07-25,23704.897327821727,14585.037397156173,10941.339682468937
2024-07-26,24464.333645979135,14585.037397156173,10941.339682468937
2024-07-27,24460.194292221317,14585.037397156173,10941.339682468937
2024-07-28,24587.501936341196,14585.037397156173,10941.339682468937
2024-07-29,24059.656876949033,14585.037397156173,10941.339682468937
2024-07-30,23844.695084629468,14433.05780927786,10941.339682468937
2024-07-31,23282.694052236555,14092.881792742031,10941.339682468937
2024-08-01,23544.247891683928,14251.198838591608,10941.339682468937
2024-08-02,22155.208301564042,13410.42110449095,10941.339682468937
2024-08-03,21866.880156522155,13235.897724315124,10941.339682468937
2024-08-04,20952.911567310304,12682.677754961771,10941.339682468937
2024-08-05,19460.658326049026,11779.42538705501,10941.339682468937
2024-08-06,20182.325292773054,12216.246282134865,11330.067314135182
2024-08-07,19862.47105135636,12022.640335800676,11150.505740659777
2024-08-08,22222.814143704334,13451.342534787816,12475.568424607929
2024-08-09,21917.3161466087,13266.426341183724,12304.066240334523
2024-08-10,21948.125331410138,13285.07496485946,12321.362073823982
2024-08-11,21151.62576568056,12802.958324808564,11874.218666685114
2024-08-12,21380.046762211798,12941.220249990962,12002.450930763596
2024-08-13,21826.949262656497,12921.814890226102,12253.335570637422
2024-08-14,21141.1062591768,12921.814890226102,11868.313166943624
2024-08-15,20729.57379806565,12921.814890226102,11637.28475873485
2024-08-16,21209.991013922856,12921.814890226102,11906.984078093292
2024-08-17,21432.41012763379,12921.814890226102,12031.846971428855
2024-08-18,21048.866038449953,12921.814890226102,11816.530832908998
2024-08-19,21413.139976850012,12921.814890226102,12021.028985772271
2024-08-20,21260.138798351763,12921.814890226102,11935.136323436285
2024-08-21,22031.892305802445,12921.814890226102,12368.387649162723
2024-08-22,21750.823340762297,12921.814890226102,12210.599572336934
2024-08-23,23069.868584354223,12921.814890226102,12951.09261184006
2024-08-24,23113.016573873265,12921.814890226102,12975.315272937261
2024-08-25,23135.709166841487,12921.814890226102,12988.05456844125
2024-08-26,22636.392864984708,12921.814890226102,12707.745573862308
2024-08-27,21404.673935656912,12921.814890226102,12016.276271939223
2024-08-28,21267.74022257195,12921.814890226102,11939.403653728938
2024-08-29,21384.503142193018,12921.814890226102,12004.952678428057
2024-08-30,21299.83552512059,12921.814890226102,11957.421495234736
2024-08-31,21245.79696431358,12921.814890226102,11927.085023959959
2024-09-01,20643.40030643207,12921.814890226102,11588.908199208672
2024-09-02,21302.768017687053,12921.814890226102,11959.067754409247
2024-09-03,20710.361288413398,12921.814890226102,11626.499131980958
2024-09-04,20884.42669791422,12921.814890226102,11724.216950819851
2024-09-05,20239.242307585715,12921.814890226102,11362.019708113196
2024-09-06,19440.54157114594,12921.814890226102,10913.640595377734
2024-09-07,19511.832843133267,12921.814890226102,10953.662490714838
2024-09-08,19767.287530350888,12921.814890226102,11097.071080156384
2024-09-09,20549.783903690004,12921.814890226102,11536.353296372248
2024-09-10,20763.773001915044,12921.814890226102,11656.483700188946
2024-09-11,20656.419997015837,12921.814890226102,11596.217266354475
2024-09-12,20942.579394484004,12921.814890226102,11756.863038774349
2024-09-13,21794.83234468353,12921.814890226102,12235.305594543113
2024-09-14,21612.91333101209,12921.814890226102,12133.178875212285
2024-09-15,21302.721184267684,12921.814890226102,11959.04146280081
2024-09-16,20972.00158955806,12921.814890226102,11773.380236167755
2024-09-17,21728.54144085621,12921.814890226102,12198.090834014634
2024-09-18,22249.47316703579,12921.814890226102,12490.534417103487
2024-09-19,22677.458568627317,12921.814890226102,12730.79926959972
2024-09-20,22768.625223279465,12921.814890226102,12711.71145549374
2024-09-21,22821.910846805895,12921.814890226102,12711.71145549374
2024-09-22,22904.697921962237,12921.814890226102,12711.71145549374
2024-09-23,22818.679340869636,12921.814890226102,12711.71145549374
2024-09-24,23151.09214381788,12921.814890226102,12711.71145549374
2024-09-25,22750.958216466293,12921.814890226102,12711.71145549374
2024-09-26,23479.39081100335,12921.814890226102,12711.71145549374
2024-09-27,23694.089615660327,13020.423571464102,12711.71145549374
2024-09-28,23725.810250854043,13037.854758434252,12711.71145549374
2024-09-29,23633.588042980795,12987.1766260948,12711.71145549374
2024-09-30,22814.212153176257,12536.911546382722,12711.71145549374
2024-10-01,21905.712266318074,12037.670869344745,12711.71145549374
2024-10-02,21849.33203454276,12006.688691481844,12711.71145549374
2024-10-03,21886.593423504553,12027.164644557626,12711.71145549374
2024-10-04,22366.920575093747,12291.11498272266,12711.71145549374
2024-10-05,22356.83337707644,12285.571845469234,12711.71145549374
2024-10-06,22631.316842839573,12436.406549210596,12711.71145549374
2024-10-07,22416.6360510362,12318.434730614548,12711.71145549374
2024-10-08,22393.75612439051,12305.861707508651,12711.71145549374
2024-10-09,21844.55502576742,12004.063620053972,12711.71145549374
2024-10-10,21733.00862854959,11942.766420490456,12711.71145549374
2024-10-11,22530.47728580297,12380.992993903219,12711.71145549374
2024-10-12,22770.487752341945,12512.884026080996,12711.71145549374
2024-10-13,22649.36932471983,12446.326785202353,12711.71145549374
2024-10-14,23807.224746565887,13082.593815145034,12711.71145549374
2024-10-15,24163.93328645296,13278.613006269325,12711.71145549374
2024-10-16,24360.586814371112,13386.678446716749,12711.71145549374
2024-10-17,24289.17305497929,13347.435014654367,12711.71145549374
2024-10-18,24651.670926014158,13546.635570623752,12711.71145549374
2024-10-19,24633.65807241182,13536.737111242634,12711.71145549374
2024-10-20,24869.26259495967,13666.206980255789,12711.71145549374
2024-10-21,24273.22087182906,13338.66893902645,12711.71145549374
2024-10-22,24290.693339823327,13348.270444626134,12711.71145549374
2024-10-23,24017.85264630873,13198.338480380327,12711.71145549374
2024-10-24,24568.912671423583,13501.15808884314,12711.71145549374
2024-10-25,24028.54507620708,13204.214205868962,12711.71145549374
2024-10-26,24170.64127313447,13282.299192542852,12711.71145549374
2024-10-27,24505.29847764157,13466.200689692781,12711.71145549374
2024-10-28,25204.380928518985,13850.361877965874,12711.71145549374
2024-10-29,26203.809700361762,14399.569977959736,12711.71145549374
2024-10-30,26062.7042103825,14322.029406551806,12711.71145549374
2024-10-31,25323.193710879998,13915.65211604373,12711.71145549374
2024-11-01,25036.429081530794,13758.06864269632,12711.71145549374
2024-11-02,24992.74070640369,13734.060919313359,12711.71145549374
2024-11-03,24777.036784515705,13615.526868224462,12711.71145549374
2024-11-04,24443.445940941863,13432.211359869894,12711.71145549374
2024-11-05,24991.757204596997,13733.520463431147,12711.71145549374
2024-11-06,27225.343846145333,14960.92546730611,12711.71145549374
2024-11-07,27328.341343043492,15017.524858047345,12711.71145549374
2024-11-08,27563.18932574004,15146.578991766493,12711.71145549374
2024-11-09,27623.59723158084,15179.774465147015,12711.71145549374
2024-11-10,28953.864482967016,15910.785588902007,12711.71145549374
2024-11-11,31936.065320228474,17549.57056465626,12711.71145549374
2024-11-12,31685.333603225383,17411.78796945484,12711.71145549374
2024-11-13,32558.304937638317,17891.504925209498,12711.71145549374
2024-11-14,31459.661368153866,17287.776110944433,12711.71145549374
2024-11-15,32794.94700055366,18021.54494548301,12711.71145549374
2024-11-16,32634.578564932053,17933.418961612908,12711.71145549374
2024-11-17,32371.255863260933,17788.717343304088,12711.71145549374
2024-11-18,32590.32458620183,17909.100426605375,12711.71145549374
2024-11-19,33255.61492372126,18274.692105079488,12711.71145549374
2024-11-20,33967.400038959044,18665.833686908143,12711.71145549374
2024-11-21,35419.43778326774,19463.760375771377,12711.71145549374
2024-11-22,35626.54236884597,19577.568902351726,12711.71145549374
2024-11-23,35187.17284377777,19336.12568112748,12711.71145549374
2024-11-24,35269.18176365849,19381.191386997838,12711.71145549374
2024-11-25,33507.51387363778,18413.116120448805,12711.71145549374
2024-11-26,33131.09927190975,18206.26801476157,12711.71145549374
2024-11-27,34535.36332589433,18977.942009654198,12711.71145549374
2024-11-28,34456.42019369673,18934.561021570506,12711.71145549374
2024-11-29,35110.654241675045,19294.077025676488,12711.71145549374
2024-11-30,34731.660199311154,19085.811460605877,12711.71145549374
2024-12-01,35011.648393135154,19239.671133534106,12711.71145549374
2024-12-02,34527.261144344,18973.48968262457,12711.71145549374
2024-12-03,34530.528675987465,18975.285263156307,12711.71145549374
2024-12-04,35516.77924413478,19517.251650266946,12711.71145549374
2024-12-05,34925.34881152637,19192.24761463917,12711.71145549374
2024-12-06,35932.342981882124,19745.613067573104,12711.71145549374
2024-12-07,35965.18041399919,19763.657959024884,12711.71145549374
2024-12-08,36425.444849246094,20016.583393131226,12711.71145549374
2024-12-09,35044.536261242305,19257.743740672155,12711.71145549374
2024-12-10,34798.31136021052,19122.437740007892,12711.71145549374
2024-12-11,36430.99641072634,20019.634098312486,12711.71145549374
2024-12-12,36027.25270751284,19797.768050052215,12711.71145549374
2024-12-13,36538.80333953632,20078.876377708482,12711.71145549374
2024-12-14,36537.27224698012,20078.03500866109,12711.71145549374
2024-12-15,37633.891171719675,20680.651236091715,12711.71145549374
2024-12-16,38208.382316800446,20996.346760517485,12711.71145549374
2024-12-17,38235.43041776971,21011.210287124173,12711.71145549374
2024-12-18,36099.20324994201,19837.306456204158,12711.71145549374
2024-12-19,35111.32431982905,19294.445248365468,12711.71145549374
2024-12-20,35235.10144464287,19362.46350184876,12711.71145549374
2024-12-21,35050.12745100047,19260.816222464055,12711.71145549374
2024-12-22,34291.52692925022,18843.94854470387,12711.71145549374
2024-12-23,34181.72057369037,18783.607536316573,12711.71145549374
2024-12-24,35544.25244844906,19532.348780515025,12711.71145549374
2024-12-25,35820.2165707783,19683.997137617516,12711.71145549374
2024-12-26,34509.60134267227,18963.78523304732,12711.71145549374
2024-12-27,33971.89244464747,18668.302362677798,12711.71145549374
2024-12-28,34332.49896605409,18866.463580412164,12711.71145549374
2024-12-29,33769.8494709315,18557.275303183542,12711.71145549374
2024-12-30,33428.992242214474,18369.966756314632,12711.71145549374
2024-12-31,33711.41577384552,18525.16470095119,12711.71145549374
2025-01-01,34077.361305059865,18726.259822046122,12711.71145549374
2025-01-02,34939.45647846771,19200.00008802646,12711.71145549374
2025-01-03,35367.94263738938,19435.462660092635,12711.71145549374
2025-01-04,35384.62974496659,19444.632592863305,12711.71145549374
2025-01-05,35436.1861345472,19472.96396330394,12711.71145549374
2025-01-06,36831.09791494145,20239.498678085896,12711.71145549374
2025-01-07,34928.58392003334,19194.025377944017,12711.71145549374
2025-01-08,34246.25702557682,18819.071736587244,12711.71145549374
2025-01-09,33342.68905803496,18322.54125772782,12711.71145549374
2025-01-10,34125.75103497719,18295.066607111854,12711.71145549374
2025-01-11,34080.31541305066,18295.066607111854,12711.71145549374
2025-01-12,34060.526492083125,18295.066607111854,12711.71145549374
2025-01-13,34057.29858871759,18295.066607111854,12711.71145549374
2025-01-14,34786.73269791494,18295.066607111854,12711.71145549374
2025-01-15,36204.8810594562,18295.066607111854,12711.71145549374
2025-01-16,36021.131939858766,18295.066607111854,12711.71145549374
2025-01-17,37494.64821080289,18295.066607111854,12711.71145549374
2025-01-18,37667.121284045264,18295.066607111854,12711.71145549374
2025-01-19,36505.41471409903,18295.066607111854,12711.71145549374
2025-01-20,36839.891790070105,18295.066607111854,12711.71145549374
2025-01-21,38239.061809055944,18961.439958452793,12711.71145549374
2025-01-22,37361.05768334652,18526.067809521817,12711.71145549374
2025-01-23,37434.434843781,18562.453028093536,12711.71145549374
2025-01-24,37780.33927407739,18733.97517785702,12711.71145549374
2025-01-25,37735.79348711881,18711.886449084468,12711.71145549374
2025-01-26,36969.58073343621,18331.94780945726,12711.71145549374
2025-01-27,36776.06144204486,18235.988226483118,12711.71145549374
2025-01-28,36506.83772953362,18102.489416139273,12711.71145549374
2025-01-29,37370.633316321524,18530.816037672033,12711.71145549374
2025-01-30,37727.179740526175,18707.615187418865,12711.71145549374
2025-01-31,36900.97337663563,18297.927773004,12711.71145549374
2025-02-01,36254.70461252026,17977.46524625616,12711.71145549374
2025-02-02,35197.32849063876,17453.148673096683,12711.71145549374
2025-02-03,36504.31593002929,18101.23894220957,12711.71145549374
2025-02-04,35219.85896792457,17464.320764462922,12711.71145549374
2025-02-05,34805.31115512039,17258.760714332904,12711.71145549374
2025-02-06,34784.38742437592,17248.38535349902,12711.71145549374
2025-02-07,34767.25720060009,17239.891062733674,12711.71145549374
2025-02-08,34744.89964670887,17228.804718151187,12711.71145549374
2025-02-09,34751.38787657643,17232.02200893318,12711.71145549374
2025-02-10,35100.14194031272,17404.95719423723,12711.71145549374
2025-02-11,34504.77389790684,17109.734590564793,12711.71145549374
2025-02-12,35258.356038643484,17483.410142195517,12711.71145549374
2025-02-13,34803.76565228131,17257.99435245313,12711.71145549374
2025-02-14,35125.23744795149,17417.401196229108,12711.71145549374
2025-02-15,35150.16003219569,17429.75945143724,12711.71145549374
2025-02-16,34627.23248183697,17170.457604591207,12711.71145549374
2025-02-17,34505.42236063653,17110.05614100386,12711.71145549374
2025-02-18,34466.42093001675,17084.40139553306,12711.71145549374
2025-02-19,34816.817766001564,17084.40139553306,12711.71145549374
2025-02-20,35415.07146755454,17084.40139553306,12711.71145549374
2025-02-21,34650.23849845787,17084.40139553306,12711.71145549374
2025-02-22,34783.18416575528,17084.40139553306,12711.71145549374
2025-02-23,34677.625241074864,17084.40139553306,12711.71145549374
2025-02-24,32982.57248624632,17084.40139553306,12711.71145549374
2025-02-25,31947.741251933505,17084.40139553306,12711.71145549374
2025-02-26,30351.690743074123,17084.40139553306,12058.553111334139
2025-02-27,30516.865008036835,17084.40139553306,12124.175901956864
2025-02-28,30387.662411717993,17084.40139553306,12072.844449517479
2025-03-01,31005.355584878605,17084.40139553306,12318.250413821639
2025-03-02,33961.43418184595,17084.40139553306,13492.683530729397
2025-03-03,31061.584508683663,17084.40139553306,12340.589843602867
2025-03-04,31443.950557241908,17084.40139553306,12492.50168744513
2025-03-05,32641.455872437422,17084.40139553306,12968.26369907821
2025-03-06,32398.599375029276,17084.40139553306,12871.778201870879
2025-03-07,31270.944303532902,17084.40139553306,12423.767292494858
2025-03-08,31062.247381696227,17084.40139553306,12340.853199258923
2025-03-09,29085.127749737967,17084.40139553306,11555.354879206676
2025-03-10,28314.7143985953,17084.40139553306,11249.274061796046
2025-03-11,29877.196153481367,17084.40139553306,11870.0391251421
2025-03-12,30146.355019719645,17084.40139553306,11976.974403028105
2025-03-13,29222.533399587315,17084.40139553306,11609.945357889774
2025-03-14,30255.54173311557,17084.40139553306,12020.353659679145
2025-03-15,30383.519455389454,17084.40139553306,12071.19847666712
2025-03-16,29748.058403435494,17084.40139553306,11818.733435756025
2025-03-17,30265.207430358583,17084.40139553306,12024.193785903071
2025-03-18,29798.67452205806,17084.40139553306,11838.842930145198
2025-03-19,31286.864063546647,17084.40139553306,12430.092122082458
2025-03-20,30342.071879250478,17084.40139553306,12054.731591759826
2025-03-21,30293.581277352983,17084.40139553306,12035.466553006923
2025-03-22,30204.165472070985,17084.40139553306,11999.942165053948
2025-03-23,31011.829404463286,17084.40139553306,12320.82242531042
2025-03-24,31521.830931076973,17084.40139553306,12523.44311447041
2025-03-25,31483.89946396117,17084.40139553306,12508.373159564815
2025-03-26,31309.643118212163,17084.40139553306,12439.142110197956
2025-03-27,31425.94851135173,17084.40139553306,12485.349577590134
2025-03-28,30414.47994816115,17084.40139553306,12083.498903341893
2025-03-29,29774.72102933767,17084.40139553306,11829.326344508641
2025-03-30,29681.57656335999,17084.40139553306,11792.320580990343
2025-03-31,29739.224900028905,17084.40139553306,11815.22393538291
2025-04-01,30678.89422876057,17084.40139553306,12188.549184494052
2025-04-02,29727.07703155949,17084.40139553306,11810.397656729507
2025-04-03,29978.104159361657,17084.40139553306,11910.129298653897
2025-04-04,30221.918940581447,17084.40139553306,12006.995516537923
2025-04-05,30095.151682069645,17084.40139553306,11956.631609878403
2025-04-06,28254.962160625626,17084.40139553306,11225.534839451644
2025-04-07,28519.11705613318,17084.40139553306,11330.482068390565
2025-04-08,27495.691560721363,17084.40139553306,10923.880973368112
2025-04-09,29762.717263697075,17084.40139553306,11824.557317084818
2025-04-10,28679.092811546252,17084.40139553306,11394.039520906272
2025-04-11,30054.028337295505,17084.40139553306,11940.293540237659
2025-04-12,30721.60630722243,17084.40139553306,12205.518448940888
2025-04-13,30175.132354634738,17084.40139553306,11988.407473574776
2025-04-14,30474.714930607366,17084.40139553306,12107.42991730538
2025-04-15,30133.3389317066,17084.40139553306,11971.803185716499
2025-04-16,30272.53866177474,17084.40139553306,12027.106442207838
2025-04-17,30603.08533308978,17084.40139553306,12158.430743893954
2025-04-18,30432.604481455823,17084.40139553306,12090.699676742031
2025-04-19,30649.59452109101,17084.40139553306,12176.908578240162
2025-04-20,30686.423601566352,17084.40139553306,12191.54056123949
2025-04-21,31528.340776368856,17084.40139553306,12526.029438766584
2025-04-22,33663.49798069258,17084.40139553306,13374.31518229672
2025-04-23,33752.87415769666,17084.40139553306,13354.260396680867
2025-04-24,33857.128951776256,17084.40139553306,13354.260396680867
2025-04-25,34094.25375916814,17084.40139553306,13354.260396680867
2025-04-26,34090.406213638686,17056.86251165722,13354.260396680867
2025-04-27,33773.848324431216,16898.47529974327,13354.260396680867
2025-04-28,34228.44951850555,17125.931376868535,13354.260396680867
2025-04-29,33956.685993636376,16989.95666743482,13354.260396680867
2025-04-30,33926.12898878537,16974.66771407811,13354.260396680867
2025-05-01,34761.17245865322,17392.475045781153,13354.260396680867
2025-05-02,34904.27737538235,17464.076448067004,13354.260396680867
2025-05-03,34532.95320608233,17278.28736525837,13354.260396680867
2025-05-04,33964.17934073495,16993.705903815622,13354.260396680867
2025-05-05,34128.47818101258,17075.911516499673,13354.260396680867
2025-05-06,34885.14051971523,17454.501475156034,13354.260396680867
2025-05-07,34955.92382923097,17489.91733881468,13354.260396680867
2025-05-08,37200.7216708614,18613.0840124883,13354.260396680867
2025-05-09,37096.38762022594,18560.881303438113,13354.260396680867
2025-05-10,37758.3744003947,18892.101102437042,13354.260396680867
2025-05-11,37509.245827362225,18767.45161039783,13354.260396680867
2025-05-12,37031.29997501926,18528.315219932374,13354.260396680867
2025-05-13,37504.101356373394,18764.877615421014,13354.260396680867
2025-05-14,37289.42416714074,18657.46559814604,13354.260396680867
2025-05-15,37381.610349306786,18703.59021821735,13354.260396680867
2025-05-16,37273.60167653645,18649.548941326575,13354.260396680867
2025-05-17,37152.10497898869,18588.75903895036,13354.260396680867
2025-05-18,38350.900014502135,19188.566561696436,13354.260396680867
2025-05-19,38033.686457423544,19029.851291599167,13354.260396680867
2025-05-20,38493.46454562319,19259.897586358675,13354.260396680867
2025-05-21,39500.02280492178,19763.520973279778,13354.260396680867
2025-05-22,40239.34957331753,20133.437217770555,13354.260396680867
2025-05-23,38662.176535033395,19344.311282968916,13354.260396680867
2025-05-24,38821.990174764054,19424.27276137696,13354.260396680867
2025-05-25,39269.53033022627,19648.19590422032,13354.260396680867
2025-05-26,39424.6570254496,19725.81230737287,13354.260396680867
2025-05-27,39245.74615832975,19636.29568374626,13354.260396680867
2025-05-28,38829.14848278562,19427.85436363112,13354.260396680867
2025-05-29,38039.45417314701,19032.73712210189,13354.260396680867
2025-05-30,37461.50456017459,18743.56464861015,13354.260396680867
2025-05-31,37679.96444866373,18852.869309250436,13354.260396680867
2025-06-01,38058.61264423845,19042.322910117804,13354.260396680867
2025-06-02,38136.08953015283,19081.0878512743,13354.260396680867
2025-06-03,37962.76985279114,18994.368734793363,13354.260396680867
2025-06-04,37717.784236087195,18871.79213786854,13354.260396680867
2025-06-05,36569.21984412923,18297.117116496265,13354.260396680867
2025-06-06,37570.64804272187,18798.173718510516,13354.260396680867
2025-06-07,38025.90850723805,19025.959656336592,13354.260396680867
2025-06-08,38091.42125578975,19058.738436906246,13354.260396680867
2025-06-09,39723.03274023087,19875.102213510905,13354.260396680867
2025-06-10,39727.12886314004,19877.15167589791,13354.260396680867
2025-06-11,39140.17282336645,19583.472908679247,13354.260396680867
2025-06-12,38068.9880479134,19047.51416049122,13354.260396680867
2025-06-13,38211.23915538177,19118.68836613176,13354.260396680867
2025-06-14,37976.36955726091,19001.17323832102,13354.260396680867
2025-06-15,38040.988868273926,19033.504994552957,13354.260396680867
2025-06-16,38473.48468840748,19249.900824354863,13354.260396680867
2025-06-17,37665.298383260706,18845.53126054551,13354.260396680867
2025-06-18,37786.20425921031,18906.02555005324,13354.260396680867
2025-06-19,37703.99719793996,18864.893903431363,13354.260396680867
2025-06-20,37213.83142571318,18619.643373637213,13354.260396680867
2025-06-21,36789.45579998356,18407.3104182595,13354.260396680867
2025-06-22,36372.94818870744,18198.914161081633,13354.260396680867
2025-06-23,37947.29320897601,18986.625119653014,13354.260396680867
2025-06-24,38217.15097393406,19121.646297334115,13354.260396680867
2025-06-25,38670.2030625986,19348.327291938353,13354.260396680867
2025-06-26,38528.43469960676,19277.394623641576,13354.260396680867
2025-06-27,38564.651343059624,19295.515331976287,13354.260396680867
2025-06-28,38654.42740541367,19340.43406784627,13354.260396680867
2025-06-29,39036.3503377733,19531.52615711275,13354.260396680867
2025-06-30,38600.284370055764,19313.34403247749,13354.260396680867
2025-07-01,38072.37806696136,19049.210329450034,13354.260396680867
2025-07-02,39213.83818945857,19620.33078633051,13354.260396680867
2025-07-03,39478.69198368589,19752.84826721693,13354.260396680867
2025-07-04,38902.0861295922,19464.348132749248,13354.260396680867
2025-07-05,38979.137912161554,19502.900376841833,13354.260396680867
2025-07-06,39341.4556546604,19684.18316592354,13354.260396680867
2025-07-07,39002.48977557163,19514.584295217002,13354.260396680867
2025-07-08,39240.27385340536,19633.55765967778,13354.260396680867
2025-07-09,40072.83154947609,20050.121254312187,13354.260396680867
2025-07-10,41793.42292814203,20911.005410421374,13354.260396680867
2025-07-11,42340.17067610448,21184.566279925555,13354.260396680867
2025-07-12,42301.38539972792,21165.160376619926,13354.260396680867
2025-07-13,42901.8042462839,21465.575151701596,13354.260396680867
2025-07-14,43173.63261742604,21601.582306450146,13354.260396680867
2025-07-15,42423.18471321621,21226.101690465366,13354.260396680867
2025-07-16,42737.45136744546,21383.342501255185,13354.260396680867
2025-07-17,42934.55881927439,21481.963640727678,13354.260396680867
2025-07-18,42483.257579979996,21256.158669623954,13354.260396680867
2025-07-19,42452.69336998755,21240.866111232262,13354.260396680867
2025-07-20,42245.58878440932,21137.24298572288,13354.260396680867
2025-07-21,42287.104809391996,21158.015197286513,13354.260396680867
2025-07-22,43214.42812826462,21621.994014515625,13354.260396680867
2025-07-23,42782.685245411645,21405.974910869292,13354.260396680867
2025-07-24,42633.17856051225,21331.170435002343,13354.260396680867
2025-07-25,42371.386951397326,21200.185093983077,13354.260396680867
2025-07-26,42481.51033318057,21255.28444864093,13354.260396680867
2025-07-27,43020.29639985079,21524.86175449051,13354.260396680867
2025-07-28,42532.78572224499,21280.93968008706,13354.260396680867
2025-07-29,42492.59544328745,21260.830794960028,13354.260396680867
2025-07-30,42452.801447109174,21240.920186756986,13354.260396680867
2025-07-31,41704.82850898429,20866.67790028836,13354.260396680867
2025-08-01,40816.38053075623,20422.150049302145,13354.260396680867
2025-08-02,40545.618520547345,20286.676439730865,13354.260396680867
2025-08-03,41144.52788997144,20586.335959983902,13354.260396680867
2025-08-04,41449.388232049554,20738.870397605322,13354.260396680867
2025-08-05,41116.04956842615,20572.087059219368,13354.260396680867
2025-08-06,41426.7784982079,20727.55779783325,13354.260396680867
2025-08-07,42320.12237004507,21174.53527008942,13354.260396680867
2025-08-08,42032.90021421437,21030.82595810281,13354.260396680867
2025-08-09,41956.34918897516,20992.524263941443,13354.260396680867
2025-08-10,42976.51075531423,21502.95395690769,13354.260396680867
2025-08-11,42757.47085293909,21393.35909095139,13354.260396680867
2025-08-12,43279.15191382854,21654.378043754798,13354.260396680867
2025-08-13,44422.013436336,22226.199679939178,13354.260396680867
2025-08-14,42616.642760905306,21322.89687971971,13354.260396680867
2025-08-15,42273.30336096188,21151.109752779375,13354.260396680867
2025-08-16,42287.21288651361,21158.069272811237,13354.260396680867
2025-08-17,42295.98514621794,21162.458402901262,13354.260396680867
2025-08-18,41871.61672562977,20950.129052558535,13354.260396680867
2025-08-19,40663.27487770709,20345.54485846192,13354.260396680867
2025-08-20,41167.022341550044,20597.590879196272,13354.260396680867
2025-08-21,40528.920605257976,20278.321771161147,13354.260396680867
2025-08-22,42127.01737428659,21077.916727549175,13354.260396680867
2025-08-23,41587.3738957849,20807.910422536792,13354.260396680867
2025-08-24,40886.868429472896,20457.41810652655,13354.260396680867
2025-08-25,39668.61951206892,19847.876989330314,13354.260396680867
2025-08-26,40263.49039971538,20145.515887476202,13354.260396680867
2025-08-27,40082.92595263483,20055.171908321325,13354.260396680867
2025-08-28,40553.0218033779,20290.380613174395,13354.260396680867
2025-08-29,39043.72480003809,19535.215910416355,13354.260396680867
2025-08-30,39201.85243667157,19614.333810638716,13354.260396680867
2025-08-31,38996.513110746375,19584.922117089667,13354.260396680867
2025-09-01,39353.55308713973,19584.922117089667,13354.260396680867
2025-09-02,40075.0002970498,19584.922117089667,13354.260396680867
2025-09-03,40242.77201550198,19584.922117089667,13354.260396680867
2025-09-04,39891.57901138793,19584.922117089667,13354.260396680867
2025-09-05,39866.04399012126,19584.922117089667,13354.260396680867
2025-09-06,39695.99544697376,19584.922117089667,13354.260396680867
2025-09-07,40038.012703462766,19584.922117089667,13354.260396680867
2025-09-08,40372.29163804422,19584.922117089667,13354.260396680867
2025-09-09,40185.37585878349,19584.922117089667,13354.260396680867
2025-09-10,41054.89593044621,19584.922117089667,13354.260396680867
2025-09-11,41603.45577148106,19584.922117089667,13354.260396680867
2025-09-12,41800.41912048117,19584.922117089667,13354.260396680867
2025-09-13,41760.38375206462,19584.922117089667,13354.260396680867
2025-09-14,41526.11578325406,19584.922117089667,13354.260396680867
2025-09-15,41555.548786040286,19584.922117089667,13354.260396680867
2025-09-16,42074.04877698355,19584.922117089667,13354.260396680867
2025-09-17,41951.06782029896,19584.922117089667,13354.260396680867
2025-09-18,42176.56713197589,19584.922117089667,13354.260396680867
2025-09-19,41657.38265259574,19584.922117089667,13354.260396680867
2025-09-20,41676.56634168223,19584.922117089667,13354.260396680867
2025-09-21,41513.247400640554,19584.922117089667,13354.260396680867
2025-09-22,40583.31582056631,19584.922117089667,13354.260396680867
2025-09-23,40348.35976074815,19584.922117089667,13354.260396680867
2025-09-24,40819.64806239969,19584.922117089667,13354.260396680867
2025-09-25,39266.035836627416,19584.922117089667,13354.260396680867
2025-09-26,39499.831868673595,19584.922117089667,13354.260396680867
2025-09-27,39497.090312355314,19584.922117089667,13354.260396680867
2025-09-28,40407.85621619667,19584.922117089667,13354.260396680867
2025-09-29,41181.69200952379,19584.922117089667,13354.260396680867
2025-09-30,41086.93359186333,19510.560677612262,13354.260396680867
2025-10-01,42724.683856812124,20288.26354140999,13354.260396680867
2025-10-02,43421.55072669645,20619.17807214996,13354.260396680867
2025-10-03,44034.94243041683,20910.453546086774,13354.260396680867
2025-10-04,44092.223304872256,20937.653969166066,13354.260396680867
2025-10-05,44485.37545016758,21124.346382440657,13354.260396680867
2025-10-06,44909.12062602112,21325.566216645395,13354.260396680867
2025-10-07,43711.053309793206,20756.651405398497,13354.260396680867
2025-10-08,44421.858525795025,21094.184705754433,13354.260396680867
2025-10-09,43829.740002179,20813.01102416247,13354.260396680867
2025-10-10,40627.811171534806,19292.541588398806,13354.260396680867
2025-10-11,39860.42758236805,18928.14145505795,13354.260396680867
2025-10-12,41414.72069400649,19666.213815644678,13354.260396680867
2025-10-13,41489.36595933458,19701.659901569386,13354.260396680867
2025-10-14,40719.18677528874,19335.93225072479,13354.260396680867
2025-10-15,39903.254943092965,18948.47847578541,13354.260396680867
2025-10-16,38977.7545250049,18508.994910435118,13354.260396680867
2025-10-17,38342.765409815314,18207.463679494507,13354.260396680867
2025-10-18,38614.157869900286,18336.337231182064,13354.260396680867
2025-10-19,39139.32982181786,18585.720632139906,13354.260396680867
2025-10-20,39819.96711060648,18908.928376340747,13354.260396680867
2025-10-21,39015.00150368381,18526.682028310388,13354.260396680867
2025-10-22,38751.93098196312,18401.760236202274,13354.260396680867
2025-10-23,39656.44282303374,18831.27715596389,13354.260396680867
2025-10-24,39990.296654270176,18989.8111438369,13354.260396680867
2025-10-25,40221.358335139514,19099.533202670835,13354.260396680867
2025-10-26,41270.83401943103,19070.89345263343,13354.260396680867
2025-10-27,41108.087887133916,19070.89345263343,13354.260396680867
2025-10-28,40672.465035615,19070.89345263343,13354.260396680867
2025-10-29,39635.94779820501,19070.89345263343,13354.260396680867
2025-10-30,39024.08358447011,19070.89345263343,13354.260396680867
2025-10-31,39487.06075546953,19070.89345263343,13354.260396680867
2025-11-01,39663.619143908916,19070.89345263343,13354.260396680867
2025-11-02,39823.06171885536,19070.89345263343,13354.260396680867
2025-11-03,38397.29392024031,19070.89345263343,13354.260396680867
2025-11-04,36565.09129808357,19070.89345263343,13354.260396680867
2025-11-05,37425.36357070686,19070.89345263343,13354.260396680867
2025-11-06,36510.627633931545,19070.89345263343,13354.260396680867
2025-11-07,37228.63438880358,19070.89345263343,13354.260396680867
2025-11-08,36858.96019689354,19070.89345263343,13354.260396680867
2025-11-09,37727.18694566762,19070.89345263343,13354.260396680867
2025-11-10,38191.259298166064,19070.89345263343,13354.260396680867
2025-11-11,37127.72998549401,19070.89345263343,13354.260396680867
2025-11-12,36621.705696955716,19070.89345263343,13354.260396680867
2025-11-13,35914.755231624804,19070.89345263343,13354.260396680867
2025-11-14,34078.157473189094,19070.89345263343,13354.260396680867
2025-11-15,34439.22152107722,19070.89345263343,13354.260396680867
2025-11-16,33958.35038130923,19070.89345263343,13354.260396680867
2025-11-17,33221.15633477999,19070.89345263343,13354.260396680867
2025-11-18,33489.796430834525,19070.89345263343,13442.065222889238
2025-11-19,32983.32182095618,19070.89345263343,13238.777491541494
2025-11-20,31211.67481003977,19070.89345263343,12527.677478680602
2025-11-21,30668.4791968077,19070.89345263343,12309.650746958516
2025-11-22,30528.090618401813,19070.89345263343,12253.301869730252
2025-11-23,31281.121565818223,19070.89345263343,12555.55187387497
2025-11-24,31810.703064297646,19070.89345263343,12768.11420037635
2025-11-25,31475.64597444058,19070.89345263343,12633.62967866384
2025-11-26,32597.508112218446,19070.89345263343,13083.92038312496
2025-11-27,32903.70140546313,19070.89345263343,13206.819613853539
2025-11-28,32744.01745827841,19070.89345263343,13142.726001414347
2025-11-29,32712.221169099565,19070.89345263343,13129.963672629501
2025-11-30,32552.829030143206,19070.89345263343,13065.987185573445
2025-12-01,31085.145321195516,19070.89345263343,12476.89133415518
2025-12-02,32883.50179143347,19070.89345263343,13198.711934554125
2025-12-03,33658.80022847309,19070.89345263343,13509.899617626912
2025-12-04,33171.77229534382,19070.89345263343,13314.41735317024
2025-12-05,32181.778656217946,19070.89345263343,12917.055753948243
2025-12-06,32148.184684249587,19070.89345263343,12903.571874963573
2025-12-07,32565.549707357175,19070.89345263343,13071.092984682815
2025-12-08,32651.661955288506,19070.89345263343,13105.656540647484
2025-12-09,33388.193128805186,19070.89345263343,13401.283899671584
2025-12-10,33149.18777949721,19070.89345263343,13305.35242691234
2025-12-11,33328.59940394721,19070.89345263343,13377.364293648592
2025-12-12,32519.836687485167,19070.89345263343,13052.744787316973
2025-12-13,32509.601784068316,19070.89345263343,13048.63672295285
2025-12-14,31764.647800207193,19070.89345263343,12749.62863373399
2025-12-15,31137.768071709386,19070.89345263343,12498.01294491433
2025-12-16,31653.41842921276,19070.89345263343,12704.983618865179
2025-12-17,31069.72992108264,19070.89345263343,12470.70393274227
2025-12-18,30807.89147854835,19070.89345263343,12365.607760250607
2025-12-19,31751.955943558987,19070.89345263343,12744.534402563697
2025-12-20,31832.639117414572,19070.89345263343,12776.918848005052
2025-12-21,31939.98131460162,19070.89345263343,12820.003637091082
2025-12-22,31926.266327868798,19070.89345263343,12814.498744083612
2025-12-23,31517.450205080884,19070.89345263343,12650.40897429259
2025-12-24,31583.539364947857,19070.89345263343,12676.935704584683
2025-12-25,31423.52037868614,19070.89345263343,12612.70761485374
2025-12-26,31475.50187161176,19070.89345263343,12633.571838968463
2025-12-27,31658.314322821876,19070.89345263343,12706.948722515599
2025-12-28,31685.58578317582,19070.89345263343,12717.894884865622
2025-12-29,31427.793027560612,19070.89345263343,12614.422561821657
2025-12-30,31877.52354602088,19070.89345263343,12794.93446712248
2025-12-31,31575.891107308304,19070.89345263343,12673.86586275257
2026-01-01,32004.892433842997,19070.89345263343,12846.057527873469
2026-01-02,32421.382032265516,19070.89345263343,13013.227261443299
2026-01-03,32649.38152802245,19070.89345263343,13104.74122746815
2026-01-04,32974.23253502844,19070.89345263343,13235.129252755614
2026-01-05,33813.6243077559,19070.89345263343,13572.042586339528
2026-01-06,33773.36918252539,19070.89345263343,13551.691308481313
2026-01-07,32914.58477160966,19070.89345263343,13551.691308481313
2026-01-08,32819.415660887076,19070.89345263343,13551.691308481313
2026-01-09,32654.162139368513,19070.89345263343,13551.691308481313
2026-01-10,32604.958228468367,19070.89345263343,13551.691308481313
2026-01-11,32788.31106528656,19070.89345263343,13551.691308481313
2026-01-12,32890.101700993364,19070.89345263343,13551.691308481313
2026-01-13,34373.56827226742,19901.180406067095,13551.691308481313
2026-01-14,34927.56439251945,20221.92617927482,13551.691308481313
2026-01-15,34442.30532161394,19940.976926718966,13551.691308481313
2026-01-16,34422.9018757135,19929.742961298052,13551.691308481313
2026-01-17,34277.657031976414,19845.65091081999,13551.691308481313
2026-01-18,33746.41114582413,19538.076784777702,13551.691308481313
2026-01-19,33370.97284076135,19320.710191317845,13551.691308481313
2026-01-20,31856.689879544414,18443.989504122696,13551.691308481313
2026-01-21,32226.699110531456,18658.21283989794,13551.691308481313
2026-01-22,32264.504487672042,18680.10092625647,13551.691308481313
2026-01-23,32279.127322226417,18688.567072866845,13551.691308481313
2026-01-24,32144.059740774654,18610.36732694022,13551.691308481313
2026-01-25,31223.610126836684,18077.456874450094,13551.691308481313
2026-01-26,31827.66036467889,18427.182357193306,13551.691308481313
2026-01-27,32152.943680171327,18615.510839515042,13551.691308481313
2026-01-28,32170.952931202948,18625.937611356694,13551.691308481313
2026-01-29,30495.818789887864,17656.089311447424,13551.691308481313
2026-01-30,30355.437416623412,17574.813052524914,13551.691308481313
2026-01-31,28367.034533168648,16423.5923183219,13551.691308481313
2026-02-01,27728.34197527843,16053.81005661703,13226.709180450283
2026-02-02,28366.141095629973,16029.739451081043,13530.946032691867
2026-02-03,27296.754002966438,16029.739451081043,13020.837202939316
2026-02-04,26358.507689669354,16029.739451081043,12573.283896770688
2026-02-05,22663.721966470173,16029.739451081043,10810.83245670962
2026-02-06,25427.03781189747,16029.739451081043,12128.963021233933
2026-02-07,24961.98916273378,16029.739451081043,11907.129950842149
2026-02-08,25337.01677473443,16029.739451081043,12086.022044822881
2026-02-09,25267.71051921408,16029.739451081043,12052.962235946788
2026-02-10,24800.56157132035,16029.739451081043,11830.127301090153
2026-02-11,24166.952240716717,16029.739451081043,11527.889022386511
2026-02-12,23875.01792238364,16029.739451081043,11388.633298700357
2026-02-13,24805.12602842319,16029.739451081043,11832.304594875684
2026-02-14,25154.211528665754,16029.739451081043,11998.822030174808
2026-02-15,24797.42373222283,16029.739451081043,11828.630519016599
2026-02-16,24818.985117984823,16029.739451081043,11838.915525572549
2026-02-17,24318.620468048393,16029.739451081043,11600.2363533816
2026-02-18,23943.045265298224,16029.739451081043,11421.083052885162
2026-02-19,24138.56758601015,16029.739451081043,11514.349245167738
2026-02-20,24504.68964318981,16029.739451081043,11688.993296340397
2026-02-21,24488.809511453986,16029.739451081043,11681.418307384902
2026-02-22,24369.013227286287,16029.739451081043,11624.274226682295
2026-02-23,23292.788455395304,16029.739451081043,11110.903752411248
2026-02-24,23077.401559730723,16029.739451081043,11008.161950078627
2026-02-25,24493.172224596474,16029.739451081043,11683.49936719096
2026-02-26,24312.01335334705,16029.739451081043,11597.084690553927
2026-02-27,23730.889875569905,16029.739451081043,11319.882712687993
2026-02-28,24127.590553024886,16029.739451081043,11509.11308560617
2026-03-01,23696.438491770074,16029.739451081043,11303.449042229417
2026-03-02,24796.51588440127,16029.739451081043,11828.197466108979
2026-03-03,24619.247789529953,16029.739451081043,11743.6387305046
2026-03-04,26178.71779529371,16029.739451081043,12487.522236422923
2026-03-05,25538.8832224851,16029.739451081043,12182.314452067034
2026-03-06,24538.557410532925,16029.739451081043,11705.148575644076
2026-03-07,24231.939013943225,16029.739451081043,11558.888393023577
2026-03-08,23766.591351409734,16029.739451081043,11336.912690126503
2026-03-09,24653.169595433876,16029.739451081043,11759.819786767064
2026-03-10,25199.48863748059,16029.739451081043,12020.41968471035
2026-03-11,25287.113965114517,16029.739451081043,12062.217882615185
2026-03-12,25413.01660665341,16029.739451081043,12122.274759660704
2026-03-13,25553.034120275097,16029.739451081043,12189.064578341351
2026-03-14,25654.608601738673,16029.739451081043,12237.516668541031
2026-03-15,26232.20516278049,16029.739451081043,12513.036270230146
2026-03-16,26977.731955386167,16029.739451081043,12868.660349045273
2026-03-17,26626.369630448266,16029.739451081043,12849.363792851878
2026-03-18,25667.069893860767,16029.739451081043,12849.363792851878
2026-03-19,25192.77704822836,16029.739451081043,12849.363792851878
2026-03-20,25401.989137678058,16029.739451081043,12849.363792851878
2026-03-21,24828.240122165706,16029.739451081043,12849.363792851878
2026-03-22,24446.684652019565,16029.739451081043,12849.363792851878
2026-03-23,25544.550066228396,16029.739451081043,12849.363792851878
2026-03-24,25418.564565562934,16029.739451081043,12849.363792851878
2026-03-25,25699.489427774257,16029.739451081043,12849.363792851878
2026-03-26,24793.003377948815,16029.739451081043,12849.363792851878
2026-03-27,23923.692255387876,16029.739451081043,12849.363792851878
2026-03-28,23912.79447895846,16029.739451081043,12849.363792851878
2026-03-29,23780.904364882146,16029.739451081043,12849.363792851878
2026-03-30,24064.224936622584,16196.39540177332,12849.363792851878
2026-03-31,24599.96683103401,16556.97578938336,12849.363792851878
2026-04-01,24538.52138482572,16515.620011457875,12849.363792851878
2026-04-02,24101.915031500117,16221.7626712771,12849.363792851878
2026-04-03,24124.36264965935,16236.87101158278,12849.363792851878
2026-04-04,24245.452256715696,16318.370214656852,12849.363792851878
2026-04-05,24870.05155794745,16738.75596475118,12849.363792851878
2026-04-06,24805.017951301576,16694.98518009412,12849.363792851878
2026-04-07,25911.208906445405,16669.951049816573,12849.363792851878
2026-04-08,25603.444892366595,16669.951049816573,12849.363792851878
2026-04-09,25862.123880379037,16669.951049816573,12849.363792851878
2026-04-10,26285.328670624498,16669.951049816573,12849.363792851878
2026-04-11,26314.31495464138,16663.311651038985,12849.363792851878
2026-04-12,25484.93832851682,16138.116097933273,12849.363792851878
2026-04-13,26809.6071850034,16976.951158929907,12849.363792851878
2026-04-14,26706.41514928633,16911.60569757085,12849.363792851878
2026-04-15,26950.827957245718,17066.377987769287,12849.363792851878
2026-04-16,27074.864467151405,17144.923031568767,12849.363792851878
2026-04-17,27765.733056786157,17582.409572215613,12849.363792851878
2026-04-18,27268.49183566437,17267.53588283484,12849.363792851878
2026-04-19,26587.616777208194,16836.377659106372,12849.363792851878
2026-04-20,27322.245793384463,17301.575110210157,12849.363792851878
2026-04-21,27500.637890320562,17414.540357926184,12849.363792851878
2026-04-22,28164.26023759642,17834.77345197833,12849.363792851878
2026-04-23,28192.810610556124,17852.8527279618,12849.363792851878
2026-04-24,27897.273721502585,17665.706556945515,12849.363792851878
2026-04-25,27964.955217628005,17708.56527718545,12849.363792851878
2026-04-26,28336.938657369865,17944.12056320101,12849.363792851878
2026-04-27,27873.56520359119,17650.693343665112,12849.363792851878
2026-04-28,27503.022792137515,17416.050576311176,12849.363792851878
2026-04-29,27300.280919701774,17287.666044510315,12849.363792851878
2026-04-30,27504.391769011294,17416.917469039723,12849.363792851878
2026-05-01,28183.317836707694,17846.841511278337,12849.363792851878
2026-05-02,28347.494189580833,17950.804762397423,12849.363792851878
2026-05-03,28304.882983099145,17923.821585573132,12849.363792851878
2026-05-04,28770.493633295227,18218.665490331205,12849.363792851878
2026-05-05,29146.785747618767,18456.94920714503,12849.363792851878
2026-05-06,29341.861349561354,18580.479139666037,12849.363792851878
2026-05-07,28822.727306171288,18251.742010518505,12849.363792851878
2026-05-08,28890.156622346272,18294.441039992656,12849.363792851878
2026-05-09,29064.96416141551,18405.136397537888,12849.363792851878
2026-05-10,29616.75911095734,18754.55576215118,12849.363792851878
2026-05-11,29449.44852155739,18648.607782943054,12849.363792851878
2026-05-12,29002.304648874422,18365.457804833724,12849.363792851878
2026-05-13,28573.288912056847,18093.78731148765,12849.363792851878
2026-05-14,29213.24236969923,18499.032286522583,12849.363792851878
2026-05-15,28501.093394818683,18048.07012654017,12849.363792851878
2026-05-16,28153.38767916205,17827.88849867636,12849.363792851878
2026-05-17,27904.673401762422,17670.392340272967,12849.363792851878
2026-05-18,27740.46822832352,17566.41083878065,12849.363792851878
2026-05-19,27680.12156618497,17528.196838528394,12849.363792851878
2026-05-20,27938.739310495162,17691.96428143381,12849.363792851878
2026-05-21,27961.539980585003,17706.402607957396,12849.363792851878
2026-05-22,27213.63909387453,17232.800859980034,12849.363792851878
2026-05-23,27650.45439630192,17509.410360582162,12849.363792851878
2026-05-24,27782.56426719218,17593.06779018341,12849.363792851878
2026-05-25,27855.80092736856,17639.44426986391,12849.363792851878
2026-05-26,27354.323083079504,17321.887775617957,12849.363792851878
2026-05-27,26820.88683392918,16984.09389875379,12849.363792851878
2026-05-28,26521.22860397142,16794.33792436525,12849.363792851878
2026-05-29,26464.76551306954,16758.583161906077,12849.363792851878
2026-05-30,26617.370408788538,16855.218888172305,12849.363792851878
2026-05-31,26541.720026229443,16807.313939733576,12849.363792851878
2026-06-01,25725.561232078275,16290.488464051632,12849.363792851878
2026-06-02,24051.06114321,15230.125810165291,12849.363792851878
2026-06-03,23107.879308025877,15207.290514388797,12326.954798142788
2026-06-04,23015.379702207156,15207.290514388797,12277.610656926965
2026-06-05,21996.02511170947,15207.290514388797,11733.833454664185
2026-06-06,21934.11493387824,15207.290514388797,11700.807318708667
2026-06-07,22815.804489434704,15207.290514388797,12171.146770999481
2026-06-08,22727.174044569765,15207.290514388797,12123.866643168369
2026-06-09,22238.66905744511,15207.290514388797,11863.272461647719
2026-06-10,22159.769156096154,15207.290514388797,11821.18311608113
2026-06-11,22921.712863475004,15207.290514388797,12227.643852455421
2026-06-12,22905.148243302297,15207.290514388797,12218.807415264646
2026-06-13,23221.45395255933,15207.290514388797,12387.541470364707
2026-06-14,23685.623574467227,15207.290514388797,12635.153891723614
2026-06-15,23895.397664949327,15207.290514388797,12747.058393937981
2026-06-16,23659.886809240208,15207.290514388797,12621.424551294971
2026-06-17,23239.967563491813,15207.290514388797,12397.417601448524
2026-06-18,22681.068344489224,15207.290514388797,12099.271444567337
2026-06-19,22892.14296300141,15207.290514388797,12211.86971664379
2026-06-20,23163.812821031854,15207.290514388797,12356.792667612986
2026-06-21,22808.59214285233,15207.290514388797,12167.299327055172
2026-06-22,23063.66135500286,15207.290514388797,12303.366622831874
2026-06-23,22600.5725043111,15207.290514388797,12056.330741524562
2026-06-24,22003.777843899916,15207.290514388797,11737.96916863429
2026-06-25,21541.211365962627,15207.290514388797,11491.211948351915
2026-06-26,21650.46652820224,15207.290514388797,11549.494382167626
2026-06-27,21625.871777893608,15207.290514388797,11536.374252393503
2026-06-28,21463.039183899204,15207.290514388797,11449.510806420069
2026-06-29,21709.166815521534,15207.290514388797,11580.80819416991
2026-06-30,21119.966374189094,15207.290514388797,11266.497776042179
2026-07-01,21624.070492533378,15207.290514388797,11535.413352307512
2026-07-02,22177.425355197163,15207.290514388797,11830.601858724018
2026-07-03,22546.06200673971,15207.290514388797,12027.251983122294
2026-07-04,22748.07615988992,15207.290514388797,12135.016927766212
2026-07-05,22930.362635774847,15207.290514388797,12232.258094668352
2026-07-06,23071.59061315861,15207.290514388797,12307.596505010408
2026-07-07,22827.32551059876,15207.290514388797,12177.29268794948
2026-07-08,22440.413017791285,15207.290514388797,11970.893271278737
2026-07-09,22779.054665515217,15207.290514388797,12151.54248744509
2026-07-10,23101.693694098834,15207.290514388797,12323.655067247493
